ID,Date,Species,Sex,Age,Capture_Type,Plot,Night,Azimut,Station,Trap,Weight_g,Body_Length_mm,Tail_Length_mm,Hind_Foot_Length_mm
2017-001,6/13/2017,S. cinereus,U,J,D,8,1,60,2,Pitfall,3.4,83.8,40.3,10.4
2017-002,6/13/2017,S. cinereus,U,J,D,8,1,60,2,Pitfall,3.2,87.5,36.7,9.8
2017-003,6/13/2017,M. rutilus,F,J,L,8,1,60,3,Sherman,22,114,27,17
2017-004,6/13/2017,S. cinereus,U,J,D,8,1,60,6,Victor,3.4,91.8,38.4,10.6
2017-005,6/13/2017,S. cinereus,U,J,D,8,1,60,7,Sherman,3.1,86.3,39.7,9.4
2017-006,6/13/2017,S. cinereus,M,A,D,8,1,180,10,Pitfall,5.9,92.1,40.5,10.6
2017-007,6/13/2017,M. rutilus,M,A,D,8,1,300,9,Victor,20,105.6,23,14
2017-009,6/14/2017,M. rutilus,F,A,D,8,2,180,8,Victor,28.2,125.5,26.2,16.5
2017-010,6/14/2017,S. cinereus,U,J,D,8,2,300,7,Pitfall,3.1,87,39.5,9.7
2017-011,6/14/2017,S. cinereus,M,A,D,8,2,300,10,Pitfall,5.2,91.7,39.4,10
2017-012,6/15/2017,S. cinereus,U,J,D,8,3,60,3,Pitfall,2.6,91,39.4,9.8
2017-013,6/15/2017,S. cinereus,U,J,D,8,3,60,4,Victor,3.4,90.5,40.4,11
2017-014,6/15/2017,S. cinereus,U,J,D,8,3,180,5,Pitfall,3.2,84.8,37.8,10.9
2017-015,6/15/2017,S. cinereus,U,J,D,8,3,180,9,Pitfall,3,92.4,42.5,10.3
2017-017,6/15/2017,S. cinereus,U,J,D,8,3,300,9,Sherman,2.7,87.7,36.1,10.6
2017-018,6/15/2017,S. cinereus,U,J,D,8,3,300,9,Victor,3.5,91.2,41.5,10
2017-020,6/13/2017,S. cinereus,U,J,D,9,1,60,1,Pitfall,3.5,88.7,42.6,10.2
2017-021,6/13/2017,S. cinereus,U,J,D,9,1,60,3,Pitfall,3.9,86.1,38,11.5
2017-022,6/13/2017,M. rutilus,M,A,D,9,1,60,5,Victor,17.1,100.5,23.8,14.2
2017-023,6/13/2017,M. rutilus,M,J,L,9,1,60,7,Sherman,16,99,15,24
2017-024,6/13/2017,M. rutilus,F,A,D,9,1,60,10,Victor,12.9,95,23.6,15.4
2017-025,6/13/2017,M. rutilus,F,A,L,9,1,60,10,Sherman,27,119,31,16
2017-026,6/13/2017,M. rutilus,F,A,L,9,1,180,1,Sherman,36,111,30,17
2017-027,6/13/2017,S. cinereus,F,A,D,9,1,180,3,Pitfall,5.5,93.7,38.9,10.8
2017-028,6/13/2017,S. cinereus,U,J,D,9,1,180,4,Pitfall,3.4,88,41.7,10.8
2017-029,6/13/2017,S. cinereus,U,J,D,9,1,180,9,Pitfall,3.3,88.9,42,11.1
2017-030,6/13/2017,S. cinereus,U,J,D,9,1,180,9,Pitfall,3.4,83,36,11.3
2017-031,6/13/2017,S. cinereus,U,J,D,9,1,180,9,Pitfall,3.6,83.5,38.2,10.4
2017-032,6/13/2017,M. rutilus,M,A,D,9,1,180,9,Sherman,14.6,94.3,27.1,15.5
2017-033,6/13/2017,S. cinereus,U,J,D,9,1,180,9,Victor,3.4,88.1,38.9,11.1
2017-034,6/13/2017,S. cinereus,F,A,D,9,1,180,10,Victor,5.8,97.4,37.2,10.5
2017-038,6/13/2017,S. cinereus,U,J,D,9,1,300,4,Pitfall,3.4,88.1,41.4,10.4
2017-039,6/13/2017,M. rutilus,M,A,L,9,1,300,5,Sherman,29,121,31,17
2017-040,6/13/2017,S. cinereus,U,J,D,9,1,300,7,Victor,4,94.3,37.3,10.9
2017-041,6/13/2017,M. rutilus,F,J,L,9,1,300,7,Sherman,20,102,28,17
2017-042,6/13/2017,S. cinereus,U,J,D,9,1,300,8,Pitfall,3.6,82.4,38,10.4
2017-043,6/13/2017,S. cinereus,U,J,D,9,1,300,9,Victor,4,91.7,34.8,10.1
2017-870,6/13/2017,M. rutilus,M,J,L,9,1,300,10,Sherman,11,99,26,16
2017-044,6/14/2017,S. cinereus,U,J,D,9,2,60,1,Pitfall,4,93.4,41.3,10.6
2017-045,6/14/2017,S. cinereus,U,J,D,9,2,60,1,Pitfall,3.9,85.6,39.8,10.8
2017-046,6/14/2017,S. cinereus,U,J,D,9,2,60,1,Pitfall,4.1,84.6,35.7,10.4
2017-047,6/14/2017,S. cinereus,U,J,D,9,2,60,1,Pitfall,3.2,82.2,37.6,10.8
2017-048,6/14/2017,S. cinereus,U,J,D,9,2,60,1,Pitfall,4.1,86.3,40.5,10.6
2017-049,6/14/2017,S. cinereus,U,J,D,9,2,60,1,Pitfall,4.1,86.5,37.7,10.5
2017-050,6/14/2017,S. cinereus,F,A,D,9,2,60,2,Pitfall,5.6,89.2,40.6,10
2017-051,6/14/2017,S. cinereus,U,J,D,9,2,60,3,Pitfall,3.7,92.5,42.6,10
2017-052,6/14/2017,M. rutilus,F,J,L,9,2,60,5,Sherman,13,79,22,16
2017-053,6/14/2017,S. cinereus,U,J,D,9,2,60,5,Pitfall,3.4,81.8,38.8,10.4
2017-054,6/14/2017,S. cinereus,U,U,D,9,2,60,5,Pitfall,5.9,91.2,38.7,9.9
2017-055,6/14/2017,M. rutilus,M,SA,D,9,2,60,7,Victor,15,98.2,23.8,16.6
2017-056,6/14/2017,M. rutilus,M,A,L,9,2,60,7,Sherman,15,103,23,15
2017-057,6/14/2017,S. cinereus,M,A,D,9,2,60,7,Pitfall,6.3,94.7,40.2,10.7
2017-058,6/14/2017,S. cinereus,M,A,D,9,2,60,7,Pitfall,6,95.7,39.6,10.9
2017-059,6/14/2017,S. cinereus,M,A,D,9,2,60,7,Pitfall,6.3,91.2,39.7,11
2017-060,6/14/2017,S. cinereus,F,A,D,9,2,60,7,Pitfall,6.4,89.4,38.6,11.8
2017-061,6/14/2017,S. cinereus,U,J,D,9,2,60,8,Victor,3.4,77.2,34.2,10.8
2017-062,6/14/2017,M. rutilus,M,A,L,9,2,60,8,Sherman,32,102,28,17
2017-063,6/14/2017,S. monticolus,U,J,D,9,2,60,8,Pitfall,3.3,81.4,38.8,10.7
2017-064,6/14/2017,S. cinereus,F,A,D,9,2,60,9,Sherman,8.9,94,35.2,10.9
2017-065,6/14/2017,S. cinereus,U,J,D,9,2,60,10,Victor,3.9,83.3,36.7,10.5
2017-066,6/14/2017,M. rutilus,F,A,L,9,2,60,10,Sherman,25,107,32,16
2017-067,6/14/2017,M. rutilus,F,A,D,9,2,180,1,Victor,36.1,122.6,36,15.7
2017-068,6/14/2017,S. cinereus,U,J,D,9,2,180,7,Victor,3.7,97.3,40.1,11.1
2017-069,6/14/2017,M. rutilus,F,J,L,9,2,180,8,Sherman,15,98,25,17
2017-070,6/14/2017,S. monticolus,U,U,D,9,2,180,9,Victor,5.5,105.1,45.5,11.6
2017-071,6/14/2017,S. cinereus,U,J,D,9,2,180,9,Pitfall,3.8,86.2,39.2,10.5
2017-072,6/14/2017,S.,U,J,D,9,2,180,9,Pitfall,4.2,91.2,41.1,10.2
2017-073,6/14/2017,M. rutilus,M,J,L,9,2,180,10,Sherman,29,106,34,16
2017-074,6/14/2017,S. monticolus,U,J,D,9,2,300,3,Victor,6.8,104.9,44.5,12.3
2017-075,6/14/2017,S. cinereus,U,J,D,9,2,300,3,Pitfall,3.4,85.6,40.1,10.4
2017-076,6/14/2017,S. cinereus,U,J,D,9,2,300,3,Sherman,3.3,79.4,37.4,10.5
2017-077,6/14/2017,S. cinereus,U,J,D,9,2,300,4,Victor,3.7,87.2,36,11.1
2017-078,6/14/2017,S. cinereus,U,J,D,9,2,300,6,Victor,3.4,90.9,38.7,10.4
2017-079,6/14/2017,M. rutilus,F,A,L,9,2,300,6,Sherman,19,103,29,17
2017-080,6/14/2017,S. cinereus,U,J,D,9,2,300,6,Pitfall,3.4,89.8,39.3,10.9
2017-081,6/14/2017,S. cinereus,U,J,D,9,2,300,8,Sherman,3.3,80.3,38.5,9.8
2017-082,6/14/2017,M. rutilus,M,A,D,9,2,300,9,Victor,15,100,22.1,15
2017-084,6/14/2017,M. rutilus,M,A,L,9,2,300,10,Sherman,24,114,34,17
2017-085,6/14/2017,S. cinereus,U,J,D,9,3,60,1,Pitfall,3.3,81.9,37.7,10.4
2017-086,6/14/2017,S.,U,J,D,9,3,60,1,Pitfall,3.3,92.1,40.6,11.7
2017-087,6/15/2017,M. rutilus,F,A,D,9,3,60,3,Sherman,33.1,115.1,28.5,14.7
2017-088,6/15/2017,M. rutilus,M,J,D,9,3,60,4,Victor,12.7,37.6,20.8,13.9
2017-089,6/15/2017,S. cinereus,U,J,D,9,3,60,4,Sherman,2.7,81.4,38.3,10.7
2017-090,6/15/2017,S. cinereus,F,A,D,9,3,60,5,Victor,5.3,94.2,37.9,10.6
2017-091,6/15/2017,M. rutilus,M,A,L,9,3,60,5,Sherman,32,120,29,17.5
2017-092,6/15/2017,S. cinereus,U,J,D,9,3,60,6,Victor,3.4,90.4,36.1,10.6
2017-093,6/15/2017,M. rutilus,M,J,L,9,3,60,6,Sherman,14,97,23,14.5
2017-095,6/15/2017,M. rutilus,M,A,L,9,3,60,7,Sherman,20,104,28,17
2017-096,6/15/2017,S. cinereus,U,J,D,9,3,60,7,Pitfall,3.9,81.7,37.1,10.9
2017-097,6/15/2017,S. cinereus,U,J,D,9,3,60,8,Victor,3.3,81.7,35.3,9.4
2017-098,6/15/2017,M. rutilus,F,J,D,9,3,60,8,Sherman,14.8,99.5,25.9,15.5
2017-099,6/15/2017,S. cinereus,U,J,D,9,3,60,8,Pitfall,3.6,88,38,10.4
2017-100,6/15/2017,M. rutilus,M,J,L,9,3,60,9,Sherman,11,84,22,15
2017-101,6/15/2017,S. cinereus,U,J,D,9,3,60,9,Pitfall,3.6,81.4,37.9,10.5
2017-102,6/15/2017,M. rutilus,F,A,L,9,3,60,10,Sherman,24,109,30,16
2017-103,6/15/2017,S. cinereus,U,U,D,9,3,180,3,Pitfall,4.9,90,35.8,11.3
2017-104,6/15/2017,S. cinereus,U,J,D,9,3,180,4,Pitfall,3.7,80.1,39,9.7
2017-105,6/15/2017,S. cinereus,U,J,D,9,3,180,5,Victor,3.5,89.3,38.7,10.7
2017-106,6/15/2017,M. rutilus,M,A,L,9,3,180,6,Sherman,28,119,30,17
2017-107,6/15/2017,S. cinereus,U,J,D,9,3,180,7,Pitfall,3.6,84.7,38,10.4
2017-108,6/15/2017,S. cinereus,U,J,D,9,3,180,9,Pitfall,5,89.4,36.4,9.6
2017-109,6/15/2017,S. cinereus,U,J,D,9,3,180,9,Pitfall,3.2,85.7,36.1,10.1
2017-110,6/15/2017,M. rutilus,M,SA,L,9,3,300,1,Sherman,26,115,17,32
2017-111,6/15/2017,M. rutilus,M,A,L,9,3,300,2,Sherman,24,106,30.5,17
2017-112,6/15/2017,S. cinereus,U,J,D,9,3,300,3,Pitfall,3.1,90.1,41.3,10.8
2017-113,6/15/2017,S. cinereus,U,J,D,9,3,300,4,Pitfall,3.4,84,40,11.3
2017-114,6/15/2017,S. cinereus,U,J,D,9,3,300,4,Pitfall,3.5,81.8,37,10.1
2017-115,6/15/2017,S. cinereus,U,J,D,9,3,300,4,Pitfall,3.3,82.9,36.8,9.4
2017-116,6/15/2017,M. rutilus,F,J,D,9,3,300,6,Victor,14.9,103.4,19.4,15.3
2017-117,6/15/2017,M. rutilus,F,J,D,9,3,300,9,Victor,14.4,105,23,15.2
2017-118,6/15/2017,M. rutilus,M,A,L,9,3,300,9,Sherman,26,120,30,16
2017-119,6/15/2017,M. rutilus,F,A,D,9,3,300,10,Victor,35.5,127.7,35.2,15.9
2017-120,6/15/2017,S. cinereus,F,A,D,9,3,300,4,Sherman,4.1,101.5,38.6,11.1
2017-121,6/20/2017,S. cinereus,U,J,D,22,1,60,2,Victor,3.8,90,40.7,10.7
2017-122,6/20/2017,S. cinereus,U,J,D,22,1,60,3,Sherman,3.9,88.5,40.2,11
2017-123,6/20/2017,S. cinereus,U,J,D,22,1,60,4,Victor,5.1,93.6,38.3,10.8
2017-124,6/20/2017,S. cinereus,U,J,D,22,1,60,5,Sherman,3.8,91.6,41.5,10.9
2017-125,6/20/2017,S. cinereus,U,J,D,22,1,60,7,Pitfall,3.9,92.4,40.3,11.2
2017-126,6/20/2017,S. monticolus,U,J,D,22,1,60,8,Victor,5.9,106.2,45,12
2017-127,6/20/2017,M. rutilus,M,SA,D,22,1,60,10,Victor,15.8,103.1,43.3,15
2017-128,6/20/2017,S. cinereus,U,J,D,22,1,180,1,Pitfall,4,87.3,41.6,10.6
2017-129,6/20/2017,S. cinereus,U,J,D,22,1,180,2,Victor,3.7,92.7,43.2,11
2017-130,6/20/2017,S. cinereus,U,J,D,22,1,180,2,Sherman,3.3,87,36.5,11
2017-131,6/20/2017,S. cinereus,U,J,D,22,1,180,4,Victor,3.6,88.4,41.2,11
2017-132,6/20/2017,S. cinereus,U,J,D,22,1,180,6,Victor,3.4,87.7,36.7,10.9
2017-133,6/20/2017,S. cinereus,U,J,D,22,1,180,7,Sherman,3.9,91.2,40.3,11.1
2017-135,6/20/2017,M. rutilus,M,A,D,22,1,180,10,Victor,18.5,105.1,25.2,17.7
2017-136,6/20/2017,S. cinereus,U,J,D,22,1,180,10,Sherman,2.9,86.6,42.1,11.6
2017-137,6/20/2017,S. cinereus,U,J,D,22,1,180,10,Pitfall,3.7,84.4,37.5,11.2
2017-138,6/20/2017,S. cinereus,U,J,D,22,1,300,4,Victor,3.8,97.2,41.6,10.9
2017-139,6/20/2017,S. cinereus,U,J,D,22,1,300,4,Pitfall,3.1,86.3,37.2,9.5
2017-140,6/20/2017,M. rutilus,M,A,D,22,1,300,5,Victor,23.4,109.2,25.9,15.8
2017-141,6/20/2017,S. cinereus,U,J,D,22,1,300,6,Victor,4,88.4,38.7,10
2017-142,6/20/2017,S. cinereus,U,J,D,22,1,300,6,Pitfall,4,90.6,39.2,11.6
2017-143,6/20/2017,S. cinereus,U,J,D,22,1,300,6,Pitfall,3.2,89.9,37.6,10.5
2017-144,6/20/2017,S. cinereus,U,J,D,22,1,300,8,Sherman,3.6,85.7,38.5,9.9
2017-145,6/20/2017,M. rutilus,F,A,L,22,1,300,10,Sherman,32,114,32,17
2017-146,6/21/2017,S. cinereus,U,J,D,22,2,60,1,Sherman,3,88.9,40.4,10.8
2017-147,6/21/2017,S. cinereus,U,J,D,22,2,60,2,Victor,3.4,86.1,37.4,11.1
2017-148,6/21/2017,M. rutilus,M,A,L,22,2,60,2,Sherman,16,87,28,16
2017-149,6/21/2017,S. cinereus,U,J,D,22,2,60,3,Sherman,3.8,88.5,42.2,10.3
2017-150,6/21/2017,M. rutilus,M,A,L,22,2,60,4,Sherman,19,98,28,17
2017-151,6/21/2017,S. cinereus,U,J,D,22,2,60,4,Pitfall,4.1,83.8,36,10.9
2017-152,6/21/2017,S. cinereus,U,J,D,22,2,60,4,Pitfall,4.3,87.8,41,11
2017-153,6/21/2017,S. cinereus,U,J,D,22,2,60,5,Sherman,3.7,88.6,41.2,11.3
2017-154,6/21/2017,S. cinereus,U,J,D,22,2,60,5,Pitfall,4.1,89.4,39,10.6
2017-155,6/21/2017,S. cinereus,F,A,D,22,2,60,7,Pitfall,6.2,91.4,36.5,9.7
2017-156,6/21/2017,S. cinereus,U,J,D,22,2,60,8,Pitfall,3.7,85.3,36.2,11.3
2017-157,6/21/2017,S. cinereus,U,J,D,22,2,60,9,Pitfall,4.2,92.8,39.7,10.7
2017-158,6/21/2017,S. cinereus,U,J,D,22,2,60,10,Victor,3.6,87.3,37.2,11.3
2017-159,6/21/2017,S. cinereus,U,J,D,22,2,60,10,Sherman,3,83.3,39.5,10.6
2017-160,6/21/2017,S. cinereus,U,A,D,22,2,180,1,Pitfall,6,94,38.7,11
2017-161,6/21/2017,S. cinereus,F,A,D,22,2,180,1,Pitfall,6.1,99.1,37.7,10.4
2017-162,6/21/2017,S. cinereus,U,J,D,22,2,180,3,Sherman,2.9,86.8,38.5,10.3
2017-163,6/21/2017,S. cinereus,U,J,D,22,2,180,3,Pitfall,3.5,85.9,37.8,9.9
2017-164,6/21/2017,M. rutilus,F,A,L,22,2,180,5,Sherman,27,117,32,17
2017-165,6/21/2017,S. cinereus,U,J,D,22,2,180,5,Pitfall,3.9,89.7,40.2,11.2
2017-166,6/21/2017,S. cinereus,U,J,D,22,2,180,6,Victor,3.6,89.6,37.5,10.2
2017-167,6/21/2017,S. cinereus,U,J,D,22,2,180,7,Pitfall,3.6,81.5,37.2,9.9
2017-168,6/21/2017,S. cinereus,U,J,D,22,2,180,9,Victor,3.7,93.9,40.9,11
2017-169,6/21/2017,S. cinereus,U,A,D,22,2,180,9,Pitfall,5.6,86.8,36.1,11.1
2017-170,6/21/2017,S. cinereus,U,J,D,22,2,180,9,Pitfall,5.7,97.6,34.5,10.5
2017-171,6/21/2017,S. cinereus,U,J,D,22,2,180,10,Victor,3.6,91,39.3,10.7
2017-172,6/21/2017,M. rutilus,F,A,D,22,2,300,4,Victor,21.5,110.3,23.7,17.3
2017-173,6/21/2017,S. cinereus,U,J,D,22,2,300,4,Pitfall,4.1,86.7,39,10.4
2017-174,6/21/2017,S. cinereus,U,J,D,22,2,300,5,Pitfall,3.7,90.4,38.4,10.5
2017-175,6/21/2017,S. cinereus,U,U,D,22,2,300,7,Pitfall,6.1,92.3,40.7,11.6
2017-176,6/21/2017,S. cinereus,U,J,D,22,2,300,7,Pitfall,4.2,96.8,41,11.3
2017-177,6/21/2017,S. cinereus,U,J,D,22,2,300,8,Sherman,3.7,90.3,39.7,10.8
2017-178,6/21/2017,S. cinereus,U,J,D,22,2,300,9,Pitfall,3.4,90.6,38.2,10.1
2017-179,6/22/2017,S. cinereus,U,J,D,22,3,60,1,Victor,3.8,91.1,37.5,12.3
2017-180,6/22/2017,S. cinereus,U,J,D,22,3,60,2,Victor,3.7,95.7,41.1,11.2
2017-181,6/22/2017,M. pennsalyvacius,M,SA,D,22,3,60,2,Sherman,16.5,117.9,36,17
2017-182,6/22/2017,M. rutilus,M,A,L,22,3,60,3,Sherman,17,93,28,17
2017-183,6/22/2017,S. cinereus,U,J,D,22,3,60,3,Pitfall,3.5,93.1,44.1,10.8
2017-184,6/22/2017,S. cinereus,U,J,D,22,3,60,4,Victor,3.5,91.3,38.9,10.6
2017-185,6/22/2017,M. rutilus,M,SA,L,22,3,60,4,Sherman,12,87,24,14
2017-186,6/22/2017,S. cinereus,F,A,D,22,3,60,6,Pitfall,6.7,94.2,37.7,10.7
2017-187,6/22/2017,S. cinereus,M,A,D,22,3,60,7,Victor,5.2,94.1,35.9,10.9
2017-188,6/22/2017,S. cinereus,U,J,D,22,3,60,8,Victor,3.5,92.6,39.6,10.1
2017-189,6/22/2017,S. cinereus,U,J,D,22,3,60,9,Victor,3.4,91.6,38.7,11.9
2017-190,6/22/2017,S. cinereus,U,J,D,22,3,60,10,Pitfall,4.3,88.2,41.6,10.5
2017-191,6/22/2017,S. cinereus,U,J,D,22,3,180,2,Sherman,3,84.7,32.6,10.2
2017-192,6/22/2017,S. cinereus,U,J,D,22,3,180,2,Pitfall,4.3,87.5,37.4,10.9
2017-193,6/22/2017,S. cinereus,U,J,D,22,3,180,3,Pitfall,5.5,90.2,37.8,10.3
2017-194,6/22/2017,S. cinereus,U,J,D,22,3,180,4,Victor,3.5,86.5,40.3,10
2017-195,6/22/2017,M. rutilus,M,A,L,22,3,180,5,Sherman,25,121,32,16
2017-196,6/22/2017,M. rutilus,F,A,L,22,3,180,8,Sherman,20,95,34,17
2017-197,6/22/2017,S. cinereus,U,J,D,22,3,180,9,Victor,6.8,92.8,37.4,10.6
2017-198,6/22/2017,S. cinereus,M,A,D,22,3,180,10,Victor,5.1,101.2,41,11
2017-199,6/22/2017,S. cinereus,M,A,D,22,3,300,4,Victor,5.1,96,38.5,11.1
2017-200,6/22/2017,S. cinereus,U,J,D,22,3,300,4,Pitfall,4,85.2,39.6,11
2017-201,6/22/2017,S. cinereus,U,J,D,22,3,300,4,Pitfall,4,82.6,39.1,11.4
2017-202,6/22/2017,S. cinereus,M,A,D,22,3,300,4,Pitfall,6,90.7,38.2,12.1
2017-203,6/22/2017,S. cinereus,U,J,D,22,3,300,5,Victor,3.9,89.8,39.6,10.9
2017-204,6/22/2017,S. cinereus,U,J,D,22,3,300,5,Pitfall,4,83.2,35.7,9.7
2017-205,6/22/2017,S.,U,U,D,22,3,300,5,Pitfall,4.2,86.8,41.1,10.5
2017-206,6/22/2017,S. cinereus,U,J,D,22,3,300,6,Pitfall,3.8,85.7,38.8,11
2017-207,6/22/2017,S. cinereus,U,J,D,22,3,300,6,Pitfall,4,87.3,43.7,10.3
2017-208,6/22/2017,S. cinereus,U,J,D,22,3,180,8,Pitfall,3.5,83.7,35.7,10.3
2017-209,6/22/2017,S. cinereus,U,J,D,22,3,300,8,Sherman,3,88.9,40.3,10.7
2017-210,6/22/2017,S. cinereus,U,J,D,22,3,300,10,Victor,3.9,91.8,40.6,10.3
2017-211,6/20/2017,S. cinereus,U,J,D,31,1,60,1,Victor,3.8,85.9,36.7,10.3
2017-212,6/20/2017,S. cinereus,U,J,D,31,1,60,1,Pitfall,3.5,88,40.3,10.6
2017-213,6/20/2017,S. monticolus,F,A,D,31,1,60,2,Sherman,9.1,116.8,50.5,12.2
2017-214,6/20/2017,M. rutilus,M,J,L,31,1,60,3,Sherman,16,101,25,16
2017-215,6/20/2017,S. cinereus,U,J,D,31,1,180,1,Victor,3.6,86.8,36.5,10.6
2017-216,6/20/2017,M. rutilus,F,A,L,31,1,180,1,Sherman,25,96,30,17
2017-217,6/20/2017,S. cinereus,U,J,D,31,1,180,1,Pitfall,3.3,86.6,36.4,10.3
2017-218,6/20/2017,S. cinereus,U,J,D,31,1,180,2,Victor,3.7,88,41,10.9
2017-219,6/20/2017,M. rutilus,F,J,D,31,1,180,2,Pitfall,12.2,89,23.4,15
2017-220,6/20/2017,S. cinereus,U,J,D,31,1,180,3,Victor,3.5,82,38.6,10.8
2017-221,6/20/2017,S. cinereus,U,J,D,31,1,180,3,Pitfall,4.1,83.3,38.7,10.8
2017-222,6/20/2017,S. monticolus,U,J,D,31,1,180,3,Pitfall,4,81.8,39.3,10.6
2017-223,6/20/2017,S. cinereus,U,J,D,31,1,180,5,Victor,3.5,86.7,40,10.5
2017-224,6/20/2017,S. cinereus,U,J,D,31,1,180,5,Pitfall,3.6,87.9,41,10.3
2017-225,6/20/2017,S. cinereus,U,J,D,31,1,180,8,Victor,3,93.3,40.2,10.6
2017-226,6/20/2017,S. cinereus,U,J,D,31,1,180,10,Pitfall,4.2,91.6,39.1,11.1
2017-227,6/20/2017,M. rutilus,M,SA,D,31,1,300,1,Victor,18.7,23.5,99,16.9
2017-228,6/20/2017,M. rutilus,F,A,L,31,1,300,2,Sherman,38,119,34,16
2017-229,6/20/2017,S. cinereus,U,J,D,31,1,300,4,Victor,4.7,88,39.1,9.7
2017-230,6/20/2017,M. rutilus,M,SA,D,31,1,300,5,Sherman,15.7,98.1,29.2,15.7
2017-231,6/20/2017,S. cinereus,F,A,D,31,1,300,7,Pitfall,6.4,87.5,41.1,10.4
2017-232,6/20/2017,S. cinereus,U,J,D,31,1,300,8,Sherman,3.8,80.3,35.7,10.9
2017-233,6/20/2017,S. cinereus,U,J,D,31,1,300,8,Pitfall,3,85.2,41.5,9.7
2017-234,6/21/2017,S. cinereus,U,J,D,31,2,60,1,Victor,3.7,94.7,40,9.6
2017-235,6/21/2017,S. cinereus,U,U,D,31,2,60,1,Pitfall,2.5,82.9,36.6,10.2
2017-236,6/21/2017,S. cinereus,U,J,D,31,2,60,1,Pitfall,3.9,82.6,35.9,11
2017-237,6/21/2017,S. cinereus,M,A,D,31,2,60,1,Pitfall,6,93.3,38.9,11.3
2017-238,6/21/2017,S. cinereus,U,J,D,31,2,60,1,Pitfall,3.8,82.6,38.9,11.8
2017-239,6/21/2017,M. rutilus,M,A,L,31,2,60,2,Sherman,25,99,34,16
2017-240,6/21/2017,S. cinereus,U,J,D,31,2,60,2,Pitfall,3.9,84.5,36.9,10.7
2017-241,6/21/2017,S. cinereus,U,J,D,31,2,60,2,Pitfall,4.3,87,40.2,11.5
2017-242,6/21/2017,M. rutilus,M,A,L,31,2,60,3,Sherman,21,99,30,18
2017-243,6/21/2017,S. cinereus,U,U,D,31,2,60,3,Pitfall,6.2,90.7,35.6,10.6
2017-244,6/21/2017,S. cinereus,U,J,D,31,2,60,3,Pitfall,3.7,90.8,40,10.3
2017-245,6/21/2017,S. cinereus,U,J,D,31,2,60,3,Pitfall,4.3,90.8,37.9,12.3
2017-246,6/21/2017,S. cinereus,U,U,D,31,2,60,3,Pitfall,4.1,86.7,37.5,10.8
2017-247,6/21/2017,S. cinereus,U,J,D,31,2,60,3,Pitfall,4.6,87,42.4,10.8
2017-248,6/21/2017,M. rutilus,F,A,D,31,2,180,1,Victor,26.5,123.3,29.2,17.9
2017-249,6/21/2017,S. cinereus,F,A,D,31,2,180,1,Sherman,5,96.8,36.5,10.1
2017-250,6/21/2017,S. cinereus,M,A,D,31,2,180,2,Victor,4,86.1,37.2,10.9
2017-251,6/21/2017,S. cinereus,U,J,D,31,2,180,2,Sherman,3.1,90,37.6,10.9
2017-252,6/21/2017,S. cinereus,U,J,D,31,2,180,3,Pitfall,3.9,91.1,43.8,11.5
2017-253,6/21/2017,S. cinereus,M,A,D,31,2,180,4,Pitfall,5.9,94.4,40,12
2017-254,6/21/2017,S. cinereus,F,A,D,31,2,180,4,Pitfall,5.8,95.1,37.6,11.1
2017-255,6/21/2017,S. cinereus,M,A,D,31,2,180,4,Pitfall,6.1,91.7,36.3,10.7
2017-256,6/21/2017,M. rutilus,F,J,D,31,2,180,5,Victor,14.7,107.1,23.1,15.4
2017-257,6/21/2017,S. monticolus,U,J,D,31,2,180,9,Victor,3.5,87.4,39.6,10.4
2017-258,6/21/2017,S. cinereus,U,J,D,31,2,180,9,Sherman,3.4,85.9,38.1,10.1
2017-259,6/21/2017,M. rutilus,F,A,D,31,2,180,10,Victor,29.4,125.7,33.8,16.9
2017-260,6/21/2017,S. monticolus,U,J,D,31,2,180,10,Pitfall,4,92.4,42.6,11.4
2017-261,6/21/2017,S. cinereus,U,J,D,31,2,300,1,Victor,3.6,86.7,36.2,10.6
2017-262,6/21/2017,S. cinereus,U,J,D,31,2,300,1,Sherman,3.7,90,40.6,11.3
2017-263,6/21/2017,S. cinereus,U,J,D,31,2,300,1,Pitfall,3.4,90.8,40.4,10.8
2017-264,6/21/2017,S. cinereus,U,J,D,31,2,300,3,Sherman,3.4,86.9,39.3,11.1
2017-265,6/21/2017,S. cinereus,U,J,D,31,2,300,4,Pitfall,4,80.1,37.5,10.2
2017-266,6/21/2017,S. cinereus,U,J,D,31,2,300,6,Sherman,3.3,88.2,40,10.2
2017-267,6/21/2017,S. cinereus,M,A,D,31,2,300,6,Pitfall,5.9,93,40.5,11.2
2017-268,6/21/2017,S. cinereus,M,A,D,31,2,300,6,Pitfall,5.5,93.4,36.7,11.8
2017-269,6/21/2017,S. cinereus,U,J,D,31,2,300,7,Pitfall,3.5,90.5,40.9,11.9
2017-270,6/22/2017,S. cinereus,U,J,D,31,3,60,1,Pitfall,3.8,81.1,40.2,11.6
2017-271,6/22/2017,S. cinereus,U,J,D,31,3,60,1,Pitfall,3.8,87.9,40.4,11.8
2017-272,6/22/2017,M. rutilus,M,A,LR,31,3,60,2,Sherman,25,99,31,17
2017-273,6/22/2017,M. rutilus,M,A,L,31,3,60,3,Sherman,23,101,29,16
2017-274,6/22/2017,S. cinereus,U,J,D,31,3,60,3,Pitfall,2.2,85.8,40.5,11.3
2017-275,6/22/2017,S. monticolus,U,J,D,31,3,60,3,Pitfall,4.4,97.2,51.8,11.6
2017-276,6/22/2017,S. cinereus,U,J,D,31,3,60,3,Pitfall,3.3,87.5,40.9,11.7
2017-277,6/22/2017,S. monticolus,F,A,D,31,3,60,4,Sherman,4.9,113.8,46.6,12.8
2017-278,6/22/2017,S. cinereus,F,A,D,31,3,180,1,Sherman,4,82.9,38.6,11.5
2017-279,6/22/2017,S. cinereus,U,J,D,31,3,180,2,Sherman,3,83.2,39.5,11.3
2017-280,6/22/2017,S. cinereus,U,J,D,31,3,180,2,Pitfall,3.3,88.6,40.6,12.7
2017-281,6/22/2017,S. monticolus,U,J,D,31,3,180,3,Victor,3.2,86.1,36.1,10.2
2017-282,6/22/2017,S. cinereus,M,A,D,31,3,180,3,Pitfall,5.7,87.5,37.1,11.5
2017-283,6/22/2017,S. monticolus,F,A,D,31,3,180,4,Victor,7,111.1,47.6,11.9
2017-284,6/22/2017,S. cinereus,U,J,D,31,3,180,5,Pitfall,3.5,86.4,38.1,11.6
2017-285,6/22/2017,M. rutilus,M,A,L,31,3,180,6,Sherman,21,102,26,18
2017-286,6/22/2017,M. rutilus,M,SA,D,31,3,180,10,Victor,14.3,107.1,27.3,16.4
2017-287,6/22/2017,S. cinereus,U,J,D,31,3,180,10,Pitfall,3.7,90.3,40.5,11.5
2017-288,6/22/2017,S. cinereus,U,J,D,31,3,180,10,Pitfall,4,89.4,40.1,12.5
2017-289,6/22/2017,S. cinereus,U,J,D,31,3,300,1,Pitfall,3.1,90.8,40.2,11.2
2017-290,6/22/2017,S. cinereus,U,J,D,31,3,300,1,Pitfall,5.1,91.9,44.8,11.1
2017-291,6/22/2017,S. cinereus,U,J,D,31,3,300,1,Pitfall,3.9,83.9,37,10.7
2017-292,6/22/2017,S. cinereus,U,J,D,31,3,300,2,Victor,3.6,95.4,40.8,11.5
2017-293,6/22/2017,S. cinereus,U,J,D,31,3,300,3,Sherman,2.9,72.8,30.2,10
2017-295,6/22/2017,S. cinereus,M,A,D,31,3,300,6,Pitfall,5.2,90.8,37.9,10.7
2017-296,6/27/2017,M. rutilus,M,A,L,57,1,60,1,Sherman,22,115.7,30.9,16.2
2017-297,6/27/2017,S. cinereus,U,J,D,57,1,180,4,Victor,3.2,85.8,34.3,11.2
2017-298,6/27/2017,S. cinereus,U,J,D,57,1,180,6,Victor,3.8,92.5,40.6,10.2
2017-299,6/27/2017,S. cinereus,U,J,D,57,1,180,7,Victor,2.2,92.2,40.4,10.9
2017-300,6/27/2017,S. cinereus,F,A,D,57,1,300,1,Victor,6.7,98.7,37.7,10.1
2017-301,6/27/2017,S. cinereus,U,J,D,57,1,300,4,Victor,5.3,85.7,38.9,10.3
2017-302,6/27/2017,S. cinereus,U,J,D,57,1,300,5,Victor,3.6,93.5,38.1,11.1
2017-303,6/27/2017,S. cinereus,U,J,D,57,1,300,6,Victor,3.7,87.3,40.3,11.3
2017-304,6/27/2017,S. cinereus,U,J,D,57,1,300,9,Pitfall,3,87.3,37.7,10.8
2017-305,6/28/2017,S. cinereus,U,J,D,57,2,60,6,Sherman,2.9,87.2,40.7,11.2
2017-306,6/28/2017,S. monticolus,U,J,D,57,2,60,7,Victor,6.1,100.5,45.8,12.8
2017-307,6/28/2017,M. rutilus,M,SA,L,57,2,180,4,Sherman,21,111.8,32.9,17.9
2017-308,6/28/2017,S. cinereus,U,J,D,57,2,180,7,Pitfall,3.7,90.4,40.2,10
2017-309,6/28/2017,S. cinereus,U,J,D,57,2,180,9,Victor,3.7,93.8,39,11.1
2017-310,6/28/2017,S. cinereus,U,J,D,57,2,300,2,Sherman,3.6,92.1,41.3,11.3
2017-311,6/28/2017,S. cinereus,M,A,D,57,2,300,5,Pitfall,5.1,92.1,40.7,10.4
2017-312,6/28/2017,S. cinereus,U,J,D,57,2,300,5,Pitfall,3.8,89.4,38.1,11.6
2017-313,6/28/2017,M. rutilus,F,J,D,57,2,300,7,Sherman,11.9,102.5,27,15.5
2017-314,6/28/2017,M. rutilus,M,SA,L,57,2,300,9,Sherman,20,104.1,30.3,15.1
2017-315,6/29/2017,S. cinereus,U,J,D,57,3,60,4,Victor,3.7,90.7,35.2,10.8
2017-316,6/29/2017,S. monticolus,U,J,D,57,3,60,4,Sherman,5.1,107,43.6,12.6
2017-317,6/29/2017,S. cinereus,U,J,D,57,3,60,5,Victor,3.6,90.2,38,10.4
2017-318,6/29/2017,S. cinereus,U,J,D,57,3,60,6,Sherman,3.2,82.4,36.7,11.3
2017-319,6/29/2017,S. cinereus,U,J,D,57,3,60,10,Sherman,3.3,91.4,36.9,10.5
2017-320,6/29/2017,M. rutilus,M,SA,L,57,3,180,4,Sherman,18,109.8,27,16.2
2017-321,6/29/2017,S. cinereus,F,A,D,57,3,180,7,Victor,5.5,92.4,37,10.1
2017-322,6/29/2017,S. cinereus,M,A,D,57,3,300,4,Victor,5.3,92.6,36.7,11.1
2017-323,6/29/2017,S. cinereus,U,J,D,57,3,300,5,Victor,3.4,84.6,39.8,10.4
2017-324,6/29/2017,M. rutilus,M,A,D,57,3,300,6,Victor,20.3,106.4,30.3,17
2017-325,6/27/2017,M. rutilus,M,A,D,69,1,60,5,Victor,17.2,105.3,24.8,15
2017-326,6/27/2017,M. rutilus,F,A,D,69,1,60,7,Victor,26.5,123.9,30.2,17.9
2017-327,6/27/2017,M. rutilus,M,A,L,69,1,60,8,Sherman,21,109.9,26.3,16.3
2017-328,6/27/2017,S. monticolus,U,U,D,69,1,60,9,Victor,6.4,110.1,47.8,12.4
2017-329,6/27/2017,S. cinereus,U,J,D,69,1,60,9,Pitfall,3.5,91.9,40.2,9
2017-330,6/27/2017,S. cinereus,U,J,D,69,1,60,9,Pitfall,2.9,89.9,41.7,10.6
2017-331,6/27/2017,S. cinereus,U,J,D,69,1,60,9,Pitfall,3.7,82.6,39.6,10
2017-332,6/27/2017,M. rutilus,F,A,L,69,1,60,10,Sherman,29,117.9,32.8,16.5
2017-333,6/27/2017,S. cinereus,U,J,D,69,1,180,2,Victor,3.7,89.7,39.8,11.5
2017-334,6/27/2017,M. rutilus,M,A,D,69,1,180,4,Sherman,18.3,96.9,29.6,17.6
2017-335,6/27/2017,S. cinereus,U,J,D,69,1,180,6,Victor,3.7,89.4,36,10.6
2017-336,6/27/2017,S. cinereus,U,J,D,69,1,180,7,Pitfall,2.6,79.5,35.4,10.5
2017-337,6/27/2017,S. cinereus,U,J,D,69,1,180,7,Pitfall,3.2,84.4,38.2,10.5
2017-338,6/27/2017,S. cinereus,U,J,D,69,1,180,9,Victor,3.6,85.7,40.5,11.2
2017-339,6/27/2017,M. rutilus,F,A,L,69,1,180,10,Sherman,26,103.6,32.1,17.3
2017-340,6/27/2017,S. cinereus,U,J,D,69,1,300,1,Victor,3.4,90.9,41.2,11.2
2017-341,6/27/2017,M. rutilus,F,A,L,69,1,300,6,Sherman,19,107.1,31.2,17.7
2017-342,6/27/2017,S. cinereus,U,J,D,69,1,300,8,Victor,3.5,87.1,37.5,10.8
2017-343,6/27/2017,S. cinereus,U,J,D,69,1,300,8,Sherman,3.1,87.9,40.8,10.2
2017-344,6/27/2017,S. cinereus,U,J,D,69,1,300,9,Victor,3.5,89.7,40.5,10.2
2017-345,6/27/2017,M. rutilus,F,J,L,69,1,300,9,Sherman,16,97.8,29.7,16.4
2017-346,6/27/2017,M. rutilus,M,A,L,69,1,300,10,Sherman,18,97.1,27.8,17.6
2017-347,6/28/2017,M. rutilus,F,A,L,69,2,60,1,Sherman,20,105.5,32.6,17.7
2017-348,6/28/2017,M. rutilus,M,SA,L,69,2,60,3,Sherman,22,120.2,30.6,15.9
2017-349,6/28/2017,S. cinereus,U,J,D,69,2,60,3,Pitfall,3.5,83.5,36.6,10.9
2017-350,6/28/2017,S. cinereus,U,J,D,69,2,60,5,Pitfall,3.6,88,39.2,11.4
2017-351,6/28/2017,M. rutilus,M,A,D,69,2,60,8,Victor,23.7,100,30.8,16.5
2017-352,6/28/2017,S. monticolus,U,J,D,69,2,60,9,Sherman,6.3,107.3,48,13.2
2017-353,6/28/2017,S. cinereus,U,U,D,69,2,180,1,Pitfall,3.7,91.9,37.6,10.3
2017-354,6/28/2017,S. cinereus,U,J,D,69,2,180,1,Pitfall,4.4,82.6,39.2,11.8
2017-355,6/28/2017,S. cinereus,U,U,D,69,2,180,2,Pitfall,5.9,90.8,39.4,12.1
2017-356,6/28/2017,S. cinereus,U,J,D,69,2,180,2,Pitfall,5.6,91.2,37.5,10.3
2017-357,6/28/2017,S. cinereus,U,J,D,69,2,180,2,Pitfall,4.2,85.6,39.4,10.8
2017-358,6/28/2017,S. cinereus,U,J,D,69,2,180,2,Pitfall,5.9,94.9,40.4,10.2
2017-359,6/28/2017,S. cinereus,M,A,D,69,2,180,3,Pitfall,3.6,84.5,38.8,12.6
2017-360,6/28/2017,S. cinereus,U,J,D,69,2,180,4,Pitfall,3.8,86.2,40,11.4
2017-361,6/28/2017,S. cinereus,U,J,D,69,2,180,4,Pitfall,4,86.9,42.9,9.3
2017-363,6/28/2017,S. cinereus,U,J,D,69,2,180,10,Sherman,3.3,92.2,39.7,11.2
2017-364,6/28/2017,S. cinereus,U,J,D,69,2,300,4,Victor,3.5,91.7,41.1,11.4
2017-365,6/28/2017,M. rutilus,M,SA,L,69,2,300,4,Sherman,14,96.7,27.8,16.2
2017-366,6/28/2017,S. cinereus,U,J,D,69,2,300,6,Victor,3.6,92.5,41.7,11.1
2017-367,6/28/2017,S. cinereus,U,J,D,69,2,300,6,Pitfall,3.7,88.1,40.7,11.9
2017-368,6/28/2017,S. cinereus,U,J,D,69,2,300,6,Pitfall,3.9,86.4,40,11.2
2017-369,6/28/2017,M. rutilus,F,A,D,69,2,300,7,Victor,18.9,113.5,31.2,16.8
2017-370,6/28/2017,M. rutilus,M,A,D,69,2,300,8,Victor,17.3,108.1,30.1,17.1
2017-371,6/28/2017,M. rutilus,M,SA,L,69,2,300,8,Sherman,17,100,30.4,17.6
2017-372,6/28/2017,M. rutilus,M,SA,L,69,2,300,9,Sherman,18,109.6,32.7,17.7
2017-373,6/29/2017,S. cinereus,F,A,D,69,3,60,6,Sherman,5.8,103.9,41,10.6
2017-374,6/29/2017,S. cinereus,U,J,D,69,3,60,7,Victor,3.7,87.7,41.1,11.5
2017-375,6/29/2017,S. cinereus,U,J,D,69,3,180,3,Pitfall,3,80.1,35.5,10.5
2017-376,6/29/2017,S. cinereus,M,A,D,69,3,180,6,Pitfall,5.6,90.7,40.7,11.5
2017-377,6/29/2017,M. rutilus,F,J,L,69,3,180,9,Sherman,10,92.2,26.2,16.5
2017-378,6/29/2017,M. rutilus,M,A,D,69,3,180,10,Victor,25.9,119.8,31.1,16.2
2017-379,6/29/2017,S. cinereus,U,J,D,69,3,180,10,Pitfall,4.7,82.1,36.7,10
2017-380,6/29/2017,S. cinereus,U,J,D,69,3,300,4,Pitfall,4.1,90.3,40.6,10.6
2017-381,6/29/2017,M. rutilus,M,A,D,69,3,300,6,Victor,28.5,113.3,30.6,15.3
2017-382,6/29/2017,S. cinereus,U,J,D,69,3,300,6,Pitfall,3.5,78.9,39,11
2017-383,6/29/2017,S. cinereus,U,J,D,69,3,300,7,Victor,3.7,89.6,36.3,11.4
2017-384,6/29/2017,S. cinereus,U,J,D,69,3,300,8,Victor,3.2,84,39,10
2017-385,6/29/2017,M. rutilus,M,A,L,69,3,300,9,Sherman,17,94.7,20.7,17.6
2017-386,6/29/2017,S. cinereus,F,A,D,69,3,300,10,Sherman,5.2,105.7,41.4,12
2017-387,6/29/2017,S. cinereus,M,A,D,69,3,300,10,Pitfall,4.6,86,41.1,9.6
2017-388,6/20/2017,S. cinereus,U,J,D,22,1,180,3,Sherman,3.1,82.9,37.3,10.4
2017-389,7/5/2017,M. rutilus,F,A,L,34,1,60,3,Sherman,31,121.7,38.9,13.9
2017-390,7/5/2017,M. pennsalyvacius,F,A,D,34,1,60,3,Victor,28.3,127.2,30,15.1
2017-391,7/5/2017,S. monticolus,F,A,D,34,1,60,4,Sherman,6,108,47.5,11.9
2017-392,7/5/2017,S. cinereus,U,J,D,34,1,60,5,Sherman,3.1,88.1,35.8,10.8
2017-393,7/5/2017,M. pennsalyvacius,F,A,D,34,1,60,6,Victor,37.4,132.6,34.3,16.9
2017-394,7/5/2017,M. pennsalyvacius,M,J,L,34,1,60,6,Sherman,11,87.5,25.9,14.5
2017-395,7/5/2017,M. pennsalyvacius,M,SA,D,34,1,60,7,Victor,12.8,95.2,15.7,13.8
2017-396,7/5/2017,M. pennsalyvacius,M ,SA,D,34,1,60,8,Victor,13.5,94.5,20.5,15.3
2017-397,7/5/2017,M. pennsalyvacius,U,U,D,34,1,60,9,Victor,16.4,102.7,28.5,16.6
2017-398,7/5/2017,M. pennsalyvacius,M,SA,D,34,1,60,10,Victor,30.2,132.6,31.5,15.2
2017-399,7/5/2017,M. rutilus,M,J,L,34,1,60,10,Sherman,15,96.7,26.5,16.4
2017-400,7/5/2017,M. pennsalyvacius,F,A,D,34,1,60,10,Victor,30.5,123,28.5,16.7
2017-401,7/5/2017,M. pennsalyvacius,M,J,D,34,1,180,1,Victor,20.3,119.4,27.9,16.1
2017-402,7/5/2017,M. pennsalyvacius,M,J,D,34,1,180,2,Sherman,10.1,87.4,28.5,13.9
2017-403,7/5/2017,M. rutilus,F,J,L,34,1,180,5,Sherman,21,115,30.5,13.4
2017-404,7/5/2017,M. pennsalyvacius,F,A,L,34,1,300,5,Sherman,33,119.6,40.7,16.5
2017-405,7/5/2017,M. pennsalyvacius,M,A,D,34,1,300,6,Victor,37.8,140.1,35.1,17.5
2017-406,7/5/2017,M. pennsalyvacius,F,A,D,34,1,300,6,Victor,52.9,153,34.2,18
2017-407,7/5/2017,M. pennsalyvacius,M,J,L,34,1,300,6,Sherman,16,104.8,33,16.3
2017-408,7/5/2017,M. pennsalyvacius,F,J,L,34,1,300,7,Victor,22,103.5,27.5,16.5
2017-409,7/5/2017,M. pennsalyvacius,M,A,L,34,1,300,9,Sherman,30,126.7,37.5,17.5
2017-410,7/5/2017,M. pennsalyvacius,M,A,D,34,1,180,10,Victor,23.4,118.3,29.7,17
2017-411,7/6/2017,M. pennsalyvacius,F,A,D,34,2,60,1,Victor,40,147.6,40,15.3
2017-412,7/6/2017,M. pennsalyvacius,F,A,D,34,2,60,2,Victor,31.9,138.5,40,15.9
2017-413,7/6/2017,M. pennsalyvacius,M,SA,L,34,2,60,2,Sherman,18,115.1,34.3,17.7
2017-414,7/6/2017,M. pennsalyvacius,M,A,L,34,2,60,3,Victor,46,130,40,20
2017-415,7/6/2017,M. pennsalyvacius,M,J,L,34,2,60,4,Sherman,14,98.4,31.5,16.4
2017-416,7/6/2017,M. pennsalyvacius,F,A,L,34,2,60,5,Sherman,26,140,40.1,20.2
2017-417,7/6/2017,M. pennsalyvacius,F,A,D,34,2,60,6,Victor,16.7,114.9,34.5,15.6
2017-418,7/6/2017,M. pennsalyvacius,M,J,D,34,2,60,7,Victor,15,103.4,30.2,15.8
2017-419,7/6/2017,M. pennsalyvacius,M,J,D,34,2,60,7,Victor,13.8,105.5,27,16.4
2017-420,7/6/2017,M. pennsalyvacius,F,A,L,34,2,60,8,Sherman,33,120.4,37.8,17.8
2017-421,7/6/2017,M. pennsalyvacius,F,A,D,34,2,60,9,Victor,35.5,140,33.7,16.8
2017-422,7/6/2017,M. rutilus,M,J,L,34,2,60,10,Sherman,15,107,26.4,17.7
2017-423,7/6/2017,M. pennsalyvacius,M,SA,D,34,2,180,1,Victor,20.5,119.4,32.3,15.3
2017-424,7/6/2017,M. pennsalyvacius,M,A,D,34,2,180,1,Victor,22.3,125.1,29.8,15.9
2017-425,7/6/2017,M. pennsalyvacius,M,J,D,34,2,180,1,Sherman,13,106.4,35.6,16
2017-426,7/6/2017,M. pennsalyvacius,F,A,D,34,2,180,2,Victor,31.1,141.2,36.2,16
2017-427,7/6/2017,M. pennsalyvacius,M,J,L,34,2,180,3,Sherman,14,101.6,28.8,17.6
2017-428,7/6/2017,S. cinereus,F,A,D,34,2,180,7,Victor,5.2,89.3,34.9,10.7
2017-429,7/6/2017,S. cinereus,F,A,D,34,2,180,8,Victor,3.7,87.6,38,10.6
2017-430,7/6/2017,M. pennsalyvacius,F,A,D,34,2,180,10,Victor,39.3,144.9,35.3,16.5
2017-431,7/6/2017,M. pennsalyvacius,M,A,D,34,2,300,4,Victor,17.2,111.3,31.8,15.2
2017-432,7/6/2017,M. pennsalyvacius,M,J,L,34,2,300,4,Sherman,7,94.7,30,15.6
2017-433,7/6/2017,S. cinereus,F,A,D,34,2,300,6,Sherman,6.4,94.2,37.5,10
2017-434,7/6/2017,M. pennsalyvacius,F,A,D,34,2,300,7,Victor,25.6,126.2,34.1,16.3
2017-435,7/6/2017,M. pennsalyvacius,F,A,L,34,2,300,8,Sherman,37,122.8,42.5,16.3
2017-436,7/6/2017,M. rutilus,M,A,L,34,2,300,9,Sherman,26,106.6,32.4,18
2017-437,6/22/2017,S. cinereus,U,J,D,22,3,300,7,Pitfall,4.1,89.7,38.3,10.9
2017-438,6/22/2017,S. cinereus,F,A,D,22,3,,,Sherman,5.8,102.3,37.9,11.4
2017-439,7/7/2017,M. pennsalyvacius,M,J,D,34,3,60,1,Victor,11.2,98.8,26.8,14.7
2017-440,7/7/2017,M. pennsalyvacius,F,A,D,34,3,60,2,Sherman,46.7,151.2,43.4,17.1
2017-441,7/7/2017,M. pennsalyvacius,M,A,D,34,3,60,3,Victor,38,150.9,40.2,16.4
2017-442,7/7/2017,S. cinereus,U,J,D,34,3,60,4,Sherman,3.2,85.6,40.1,11.5
2017-444,7/7/2017,M. pennsalyvacius,M,SA,L,34,3,60,6,Sherman,22,109.8,41.2,17.6
2017-445,7/7/2017,M. pennsalyvacius,U,U,D,34,3,60,7,Victor,13.1,121.9,32.9,15.1
2017-446,7/7/2017,M. pennsalyvacius,F,A,D,34,3,60,7,Victor,44.3,146.3,38,16.3
2017-447,7/7/2017,M. pennsalyvacius,M,J,L,34,3,60,8,Sherman,15,93.8,27.6,16.4
2017-448,7/7/2017,M. rutilus,M,A,D,34,3,60,8,Victor,23.5,122.9,31.4,17.2
2017-449,7/7/2017,M. pennsalyvacius,U,U,D,34,3,60,10,Victor,13.7,106.5,32.5,16.3
2017-450,7/7/2017,M. pennsalyvacius,M,J,D,34,3,60,10,Victor,19.7,110.7,30.2,16.4
2017-451,7/7/2017,M. pennsalyvacius,M,A,L,34,3,180,1,Victor,35,138.2,31.9,17.7
2017-452,7/7/2017,M. pennsalyvacius,F,A,D,34,3,180,1,Victor,34.8,137.4,38.1,16.4
2017-453,7/7/2017,M. pennsalyvacius,F,J,D,34,3,180,3,Victor,15.2,103.6,33.8,15.9
2017-454,7/7/2017,M. pennsalyvacius,M,J,D,34,3,180,3,Victor,18.4,110.8,33,16.5
2017-455,7/7/2017,S. cinereus,U,J,D,34,3,180,7,Victor,2.9,90.5,41.8,10.8
2017-457,7/7/2017,M. pennsalyvacius,F,A,D,34,3,300,2,Sherman,37.4,142.9,40.8,16.2
2017-458,7/7/2017,M. pennsalyvacius,F,A,D,34,3,300,3,Victor,27.7,134.9,33,17.2
2017-459,7/7/2017,M. pennsalyvacius,M,J,D,34,3,300,4,Victor,10.6,90.2,25.4,15.8
2017-460,7/7/2017,M. rutilus,M,A,D,34,3,300,6,Victor,27.9,126,32.8,16.4
2017-461,7/7/2017,M. pennsalyvacius,F,A,D,34,3,300,7,Victor,25.4,123.1,36,16.3
2017-462,7/7/2017,M. pennsalyvacius,F,A,D,34,3,300,9,Victor,29,123.5,36.2,16.7
2017-463,6/20/2017,S. cinereus,U,J,D,31,1,180,9,Pitfall,3.9,80.9,38.8,10.7
2017-464,6/20/2017,S. cinereus,U,J,D,22,1,180,9,Pitfall,3.3,81.1,39.5,10
2017-465,6/21/2017,S. cinereus,U,J,D,31,2,180,1,Victor,3.5,90.8,39.7,10.1
2017-466,7/7/2017,M. pennsalyvacius,M,A,D,34,3,60,9,Victor,28.8,122.9,29,16.9
2017-467,7/11/2017,M. rutilus,F,J,L,84,1,60,1,Sherman,13,103.4,30.4,15.8
2017-468,7/11/2017,M. rutilus,M,J,L,84,1,60,2,Sherman,22,91.9,28.9,15.6
2017-470,7/11/2017,M. rutilus,M,J,L,84,1,60,4,Sherman,14,91.9,31.2,16.3
2017-471,7/11/2017,S. cinereus,U,J,D,84,1,60,4,Pitfall,3,82.5,3632,10.4
2017-472,7/11/2017,M. rutilus,F,J,L,84,1,60,5,Sherman,24,100,29.7,16.3
2017-473,7/11/2017,M. rutilus,M,J,D,84,1,60,6,Victor,14.7,109.5,30.8,17.3
2017-474,7/11/2017,M. rutilus,U,U,D,84,1,60,6,Sherman,4,104.1,30.8,15.6
2017-475,7/11/2017,S. cinereus,U,J,D,84,1,60,7,Victor,3.4,88.2,39.3,11.3
2017-476,7/11/2017,S. cinereus,U,J,D,84,1,60,7,Pitfall,2.9,89.8,37.2,10
2017-477,7/11/2017,M. rutilus,U,J,D,84,1,60,8,Sherman,14.1,101.5,31.8,16.3
2017-478,7/11/2017,S. cinereus,U,J,D,84,1,60,8,Pitfall,1.7,92.5,35.3,10.1
2017-479,7/11/2017,S. cinereus,U,J,L,84,1,60,8,Pitfall,4,89.2,40.6,10.1
2017-480,7/11/2017,M. rutilus,M,J,D,84,1,60,9,Sherman,10.8,98.8,28.1,15.8
2017-481,7/11/2017,M. rutilus,U,U,D,84,1,60,10,Victor,4.2,116.5,30.6,16.3
2017-482,7/11/2017,M. rutilus,M,J,L,84,1,60,10,Sherman,24,102.2,31.5,16.5
2017-483,7/11/2017,M. rutilus,M,J,D,84,1,180,1,Victor,13.5,100.3,27.6,16.9
2017-484,7/11/2017,M. rutilus,M,J,L,84,1,180,1,Sherman,22,93.5,24.2,16.5
2017-485,7/11/2017,S. cinereus,U,J,D,84,1,180,2,Sherman,3,85.5,39.6,11.2
2017-486,7/11/2017,M. rutilus,F,A,D,84,1,180,3,Victor,32.1,131.2,31.2,16.5
2017-487,7/11/2017,M. rutilus,F,A,D,84,1,180,4,Victor,31.5,135.4,35.2,16.2
2017-488,7/11/2017,M. rutilus,M,J,L,84,1,180,4,Sherman,15,84.6,27.8,16.3
2017-489,7/11/2017,M. rutilus,M,J,L,84,1,180,5,Sherman,24,97,29.2,16.3
2017-490,7/11/2017,M. rutilus,F,J,D,84,1,180,8,Victor,14.1,102.7,22,15
2017-491,7/11/2017,S. monticolus,U,J,D,84,1,180,10,Victor,5.3,110.3,49.3,12.7
2017-492,7/11/2017,S. cinereus,F,A,D,84,1,300,1,Pitfall,4.3,89.2,40.6,11.4
2017-493,7/11/2017,S. cinereus,U,J,D,84,1,300,2,Victor,3.4,89.9,39.3,10
2017-494,7/11/2017,M. rutilus,F,A,D,84,1,300,2,Sherman,23.4,120,33.8,16.6
2017-495,7/11/2017,S. cinereus,U,J,D,84,1,300,3,Pitfall,2.9,86.7,39.3,11.1
2017-496,7/11/2017,M. rutilus,M,J,D,84,1,300,5,Sherman,17,107.5,27.3,16.4
2017-497,7/11/2017,M. rutilus,F,J,D,84,1,300,5,Victor,12.4,99.7,30,15.4
2017-498,7/11/2017,M. rutilus,M,J,D,84,1,300,6,Sherman,14.5,104.6,29.7,16.7
2017-499,7/11/2017,M. rutilus,F,J,D,84,1,300,7,Sherman,14.8,105.4,31.5,15
2017-500,7/11/2017,M. rutilus,F,A,L,84,1,300,8,Sherman,22,97.1,15.9,16.5
2017-501,7/11/2017,M. rutilus,F,J,L,84,1,300,9,Sherman,10,83.5,27.8,16.5
2017-502,7/11/2017,M. rutilus,M,J,D,84,1,300,10,Victor,10.2,95.8,24.1,15.7
2017-503,7/12/2017,S. monticolus,U,J,D,84,2,60,5,Victor,5.7,105.7,46.9,12.6
2017-504,7/12/2017,M. rutilus,M,A,D,84,2,60,7,Victor,17.2,109.7,26.4,17.8
2017-505,7/12/2017,S. cinereus,U,J,D,84,2,60,8,Victor,3.4,95,44.6,10.3
2017-506,7/12/2017,S. cinereus,U,J,D,84,2,60,8,Sherman,3.1,85.1,39.9,10.8
2017-507,7/12/2017,M. rutilus,F,J,L,84,2,60,9,Sherman,9,83.7,25.5,16.1
2017-508,7/12/2017,M. rutilus,M,J,L,84,2,60,9,Sherman,9,83.7,24.7,15.2
2017-509,7/12/2017,M. rutilus,M,J,L,84,2,60,10,Sherman,12,103.5,28.9,16.1
2017-511,7/12/2017,M. rutilus,M,SA,D,84,2,300,2,Victor,15.1,103.6,26.1,14.1
2017-512,7/12/2017,M. rutilus,M,J,L,84,2,300,5,Sherman,9,92.3,29.2,16.3
2017-513,7/12/2017,M. rutilus,M,A,L,84,2,300,7,Sherman,23,114.5,36,17.7
2017-514,7/12/2017,M. rutilus,F,J,L,84,2,300,8,Sherman,15,79.6,28.9,16.3
2017-515,7/12/2017,S. monticolus,U,J,D,84,2,300,8,Victor,6.1,93.7,44.1,11.9
2017-516,7/12/2017,M. rutilus,F,A,D,84,2,300,9,Victor,25,104,8.9,14.7
2017-517,7/12/2017,M. rutilus,F,J,L,84,2,300,9,Sherman,8,90,25.4,15.1
2017-518,7/12/2017,M. rutilus,M,J,D,84,2,300,10,Sherman,17.4,104.1,31.9,14.8
2017-519,7/15/2017,S. cinereus,U,J,D,107,1,180,8,Sherman,2.9,87.1,40.5,11
2017-520,7/15/2017,S. cinereus,U,J,D,107,1,60,9,Sherman,3.2,75.9,39,11.9
2017-521,7/15/2017,M. rutilus,M,A,D,107,1,60,2,Victor,26.4,109.6,29.3,17.2
2017-522,7/15/2017,M. rutilus,M,A,L,107,1,60,3,Sherman,26,123.4,32.7,16.4
2017-523,7/15/2017,M. rutilus,M,A,L,107,1,60,4,Sherman,18,109.8,34.2,17.7
2017-524,7/15/2017,M. rutilus,M,SA,L,107,1,60,6,Sherman,17,105.5,26.5,17.7
2017-525,7/15/2017,M. rutilus,F,J,L,107,1,180,5,Sherman,13,95,27.6,16.5
2017-526,7/16/2017,M. rutilus,F,J,L,107,2,60,1,Sherman,12,99.9,30.5,16.4
2017-527,7/16/2017,S. cinereus,U,J,D,107,2,60,2,Victor,3.5,89.8,42.4,11.7
2017-528,7/16/2017,M. rutilus,M,SA,L,107,2,60,7,Sherman,14,111.6,33.9,17.8
2017-529,7/16/2017,S. cinereus,F,A,D,107,2,60,9,Victor,4.8,87.2,37.3,12.5
2017-530,7/16/2017,M. rutilus,F,A,L,107,2,60,9,Sherman,26,132.8,38.9,16.5
2017-531,7/16/2017,S. monticolus,U,A,D,107,2,180,1,Victor,6.1,96.9,43.1,12.1
2017-532,7/16/2017,S. cinereus,U,J,D,107,2,180,1,Sherman,2.7,77.2,38.1,11.6
2017-533,7/16/2017,M. rutilus,M,A,L,107,2,180,2,Sherman,17,105.3,31.8,18.7
2017-534,7/16/2017,S. cinereus,U,J,D,107,2,180,3,Victor,3.4,85.5,38.4,11.9
2017-535,7/16/2017,M. rutilus,M,J,D,107,2,180,5,Victor,14.1,93.6,22.1,18
2017-536,7/16/2017,M. rutilus,M,J,L,107,2,180,5,Sherman,13,90.9,30.6,18.2
2017-537,7/16/2017,S. monticolus,U,J,D,107,2,180,5,Pitfall,2.8,74.1,37.4,10.4
2017-538,7/16/2017,M. rutilus,M,J,D,107,2,180,6,Sherman,11.7,81.1,30.4,17.3
2017-539,7/16/2017,M. rutilus,M,SA,D,107,2,180,7,Victor,27.5,105.9,33.7,18
2017-540,7/16/2017,S. cinereus,U,J,D,107,2,180,7,Sherman,3.3,78.1,39.6,12.6
2017-541,7/16/2017,M. rutilus,M,J,L,107,2,180,9,Sherman,13,95.6,34.2,16.6
2017-542,7/16/2017,M. rutilus,M,A,L,107,2,300,2,Sherman,19,104,33.5,18.2
2017-543,7/16/2017,M. rutilus,M,A,L,107,2,300,3,Sherman,20,109.6,30.1,18.2
2017-544,7/16/2017,S.,U,J,D,113,1,60,3,Pitfall,2.1,86.6,46.2,11.5
2017-545,7/16/2017,M. rutilus,M,A,L,113,1,60,4,Sherman,24,107.9,27.4,16.4
2017-546,7/16/2017,M. rutilus,M,SA,D,113,1,60,5,Victor,17.9,98.2,27.6,17
2017-547,7/16/2017,M. rutilus,F,J,L,113,1,60,5,Sherman,15,98.6,32.5,17.9
2017-548,7/16/2017,M. rutilus,M,J,D,113,1,60,6,Victor,17.8,100.7,27.5,17.7
2017-549,7/16/2017,S. cinereus,U,J,D,113,1,60,6,Pitfall,3.1,75.2,39.6,10.4
2017-550,7/16/2017,M. rutilus,M,J,D,113,1,60,8,Victor,18.2,102.5,24.1,18.6
2017-551,7/16/2017,M. rutilus,M,J,D,113,1,60,8,Sherman,15.2,93.1,33,15.6
2017-552,7/16/2017,M. rutilus,M,J,L,113,1,60,9,Sherman,16,109.8,27.8,16.3
2017-553,7/16/2017,M. rutilus,M,J,D,113,1,180,2,Sherman,13,90.3,27.9,17.3
2017-554,7/16/2017,M. rutilus,M,J,L,113,1,180,3,Sherman,13,101.9,29.3,16.4
2017-557,7/16/2017,M. rutilus,F,J,L,113,1,60,3,Sherman,14,111.5,26.4,16.6
2017-558,7/16/2017,M. rutilus,M,J,L,113,1,300,1,Sherman,10,87.2,26.3,17.6
2017-559,7/16/2017,M. rutilus,F,A,L,113,1,300,2,Sherman,16,111.7,30.2,16.5
2017-560,7/16/2017,M. rutilus,M,SA,D,113,1,300,3,Victor,11.5,85.8,23.3,15.8
2017-561,7/16/2017,M. rutilus,M,J,L,113,1,300,4,Sherman,12,105.7,32.7,16.4
2017-562,7/16/2017,M. rutilus,M,SA,L,113,1,300,5,Sherman,12,109.7,32.6,16.3
2017-563,7/16/2017,M. rutilus,M,A,D,114,1,60,4,Victor,20.1,99.1,33.8,16.6
2017-564,7/16/2017,M. rutilus,M,SA,L,114,1,60,4,Sherman,24,119.5,36.2,17.6
2017-566,7/16/2017,M. rutilus,M,A,L,114,1,300,3,Sherman,19.5,109.9,37.2,15.4
2017-567,7/16/2017,M. rutilus,F,A,L,114,1,300,4,Victor,26.9,108.4,34.9,17
2017-568,7/16/2017,M. rutilus,M,A,L,114,1,300,4,Sherman,15,106.6,28,17.1
2017-569,7/16/2017,M. rutilus,M,SA,D,114,1,300,7,Victor,16.7,98.9,28.3,16.4
2017-570,7/16/2017,M. rutilus,M,A,L,114,1,300,8,Sherman,24,122.7,41.5,17.6
2017-571,7/16/2017,M. rutilus,M,J,L,114,1,300,10,Sherman,14,104.1,34.5,17.6
2017-572,7/17/2017,S. monticolus,U,J,D,107,3,60,4,Pitfall,3,79.5,39.3,10.5
2017-573,7/17/2017,S. cinereus,U,J,D,107,3,180,2,Victor,3.7,83.7,40,9.7
2017-574,7/17/2017,M. rutilus,M,A,L,107,3,180,2,Sherman,19,121.7,31.4,16
2017-575,7/17/2017,M. rutilus,M,J,D,107,3,180,5,Victor,15.3,96.3,26.5,17.8
2017-576,7/17/2017,S. cinereus,M,A,D,107,3,180,5,Pitfall,4.6,83.7,38.8,10.6
2017-577,7/17/2017,M. rutilus,M,J,D,107,3,180,6,Victor,13.3,86.6,23.3,16.2
2017-578,7/17/2017,M. rutilus,M,A,D,107,3,180,7,Victor,18.9,105.1,30.3,16.2
2017-579,7/17/2017,M. rutilus,M,A,D,107,3,180,8,Victor,24,115.1,30.1,15.8
2017-580,7/17/2017,S. cinereus,M,A,D,107,3,180,8,Pitfall,4.5,72.2,36.2,10.7
2017-581,7/17/2017,M. rutilus,M,SA,L,107,3,180,9,Sherman,14,95.5,26.5,16.5
2017-582,7/17/2017,S. cinereus,U,J,D,107,3,180,10,Pitfall,3.3,80.7,39,10.6
2017-584,7/17/2017,M. rutilus,M,SA,D,107,3,300,2,Victor,17.6,97.9,29.4,17.4
2017-585,7/17/2017,S. cinereus,U,J,D,107,3,300,3,Victor,3.8,85.6,44.5,10.9
2017-586,7/17/2017,S. cinereus,U,J,D,107,3,300,3,Sherman,3.3,86.4,39.5,11.2
2017-587,7/17/2017,M. rutilus,M,A,D,107,3,300,7,Victor,22.3,103.8,24,16.2
2017-588,7/17/2017,S. cinereus,U,J,D,107,3,300,10,Victor,3.4,80.2,37.1,10.3
2017-589,7/17/2017,M. rutilus,M,A,D,114,2,60,3,Victor,27.4,116.7,23.4,17.3
2017-590,7/17/2017,M. rutilus,M,J,L,114,2,60,4,Sherman,21,103.7,34.6,14.7
2017-592,7/17/2017,M. rutilus,M,SA,D,114,2,180,3,Victor,14.5,98.5,21.1,17.3
2017-593,7/17/2017,M. rutilus,M,SA,L,114,2,180,3,Sherman,17,103.4,25.7,16.1
2017-594,7/17/2017,M. rutilus,M,A,L,114,2,180,8,Sherman,20,102,32.5,18
2017-595,7/17/2017,S. cinereus,U,J,D,114,2,180,8,Pitfall,3.1,87.4,39.4,8.8
2017-596,7/17/2017,M. rutilus,M,J,D,114,2,300,10,Victor,12,104.4,22.9,16.9
2017-597,7/17/2017,M. rutilus,M,A,L,114,2,300,10,Sherman,22,117,39.6,17
2017-598,7/17/2017,M. rutilus,M,SA,L,114,2,300,8,Sherman,27,120.2,31.5,18.4
2017-599,7/17/2017,M. rutilus,F,J,L,113,2,60,2,Sherman,20,95.4,30.6,17.7
2017-600,7/17/2017,S. cinereus,U,J,D,113,2,60,3,Victor,3.8,88.6,37,11.2
2017-601,7/17/2017,M. rutilus,F,J,L,113,2,60,3,Sherman,15,94.3,32.5,16.4
2017-602,7/17/2017,M. rutilus,F,A,D,113,2,60,4,Victor,18.4,106.1,25.9,17.6
2017-603,7/17/2017,S. tundrensis,U,J,D,113,2,60,4,Pitfall,4.1,83,37.4,11.4
2017-604,7/17/2017,M. rutilus,M,SA,D,113,2,60,5,Victor,16.4,89.7,21.6,17.9
2017-605,7/17/2017,M. rutilus,M,A,L,113,2,60,6,Sherman,26,107,34.3,15.9
2017-606,7/17/2017,S. cinereus,U,J,D,113,2,60,7,Pitfall,4,92.4,41.3,11
2017-607,7/17/2017,M. rutilus,F,A,D,113,2,60,8,Victor,27.3,132.8,30.1,17.1
2017-608,7/17/2017,M. rutilus,M,J,L,113,2,60,8,Sherman,13,106.2,29.3,15.6
2017-609,7/17/2017,M. rutilus,M,J,L,113,2,60,9,Sherman,14,91.9,32.6,16.6
2017-610,7/17/2017,M. rutilus,M,J,D,113,2,60,10,Victor,15.8,107.4,23.4,16.9
2017-611,7/17/2017,M. rutilus,M,A,L,113,2,180,2,Sherman,15,114.3,41.2,18
2017-612,7/17/2017,M. rutilus,M,J,L,113,2,180,3,Sherman,15,114.6,34.4,16.4
2017-613,7/17/2017,M. rutilus,M,J,L,113,2,180,4,Sherman,16,111.6,28.8,16
2017-614,7/17/2017,M. rutilus,M,J,D,113,2,180,5,Victor,16.3,104.7,25.9,17.6
2017-615,7/17/2017,M. rutilus,M,J,L,113,2,180,5,Sherman,15,106.7,29.3,16.4
2017-616,7/17/2017,M. rutilus,M,A,D,113,2,180,7,Sherman,20.5,117,26.8,17.5
2017-617,7/17/2017,M. rutilus,M,J,L,113,2,180,8,Sherman,16,102,30.2,16.2
2017-618,7/17/2017,M. rutilus,F,A,D,113,2,180,9,Victor,35.6,137,30.4,18.3
2017-619,7/17/2017,M. rutilus,M,A,L,113,2,180,9,Sherman,27,114,34.4,17.7
2017-620,7/17/2017,M. rutilus,M,J,L,113,2,300,1,Sherman,15,106.8,30.9,17.8
2017-621,7/17/2017,M. rutilus,M,J,D,113,2,300,2,Victor,15.1,103.1,23.4,16.8
2017-622,7/17/2017,M. rutilus,M,J,L,113,2,300,3,Sherman,13,109.7,33,16.4
2017-623,7/17/2017,M. rutilus,M,J,L,113,2,300,4,Sherman,15,92,30.4,16.4
2017-624,7/17/2017,M. rutilus,M,J,L,113,2,300,5,Sherman,13,110.3,31.3,15.1
2017-625,7/17/2017,M. rutilus,F,A,L,113,2,300,10,Sherman,29,108.2,39.2,16.5
2017-627,7/18/2017,S. cinereus,U,J,D,114,3,60,2,Sherman,3.8,86.7,40.8,10.2
2017-628,7/18/2017,M. rutilus,M,SA,L,114,3,60,4,Sherman,22,111.7,31.6,17.1
2017-629,7/18/2017,S. parryii,,,M,114,3,60,5,Sherman,103.9,207,51.2,37.5
2017-630,7/18/2017,M. rutilus,M,A,D,114,3,180,3,Victor,18.8,99.8,27.9,16.4
2017-631,7/18/2017,S. cinereus,U,J,D,114,3,180,8,Pitfall,4.1,87.1,38,11.1
2017-632,7/18/2017,S. cinereus,U,J,D,114,3,180,8,Pitfall,3.8,83.8,38.9,10.3
2017-633,7/18/2017,S. cinereus,U,J,D,114,3,300,8,Pitfall,3.1,85.2,36.1,10.1
2017-635,7/18/2017,M. rutilus,M,J,L,114,3,300,10,Sherman,12,87.5,25.2,15.7
2017-636,7/18/2017,M. rutilus,M,J,L,113,3,60,2,Sherman,10,86.8,31.2,17.9
2017-637,7/18/2017,M. rutilus,M,J,L,113,3,60,3,Sherman,12,84.2,26.1,17.3
2017-638,7/18/2017,M. rutilus,F,J,D,113,3,60,4,Victor,16.9,106.5,26.1,16.5
2017-639,7/18/2017,M. rutilus,M,J,L,113,3,60,5,Sherman,12,80.5,26.3,17.7
2017-640,7/18/2017,M. rutilus,M,J,D,113,3,60,6,Victor,17.1,98.3,29.1,16.3
2017-641,7/18/2017,M. rutilus,M,J,L,113,3,60,6,Sherman,8,87.4,23.2,16.2
2017-642,7/18/2017,M. rutilus,M,J,L,113,3,60,7,Sherman,14,84.2,22.6,15
2017-643,7/18/2017,M. rutilus,M,SA,D,113,3,60,8,Victor,16.4,106.9,29,17.7
2017-644,7/18/2017,M. rutilus,M,J,L,113,3,60,9,Sherman,16,87,28,17.6
2017-645,7/18/2017,M. rutilus,F,J,D,113,3,60,10,Victor,16.8,101,24.9,16.6
2017-646,7/18/2017,M. rutilus,F,A,L,113,3,60,10,Sherman,23,124.7,29.3,18.1
2017-647,7/18/2017,M. rutilus,M,J,L,113,3,180,2,Sherman,12,98.7,30,17.6
2017-648,7/18/2017,M. rutilus,F,J,D,113,3,180,3,Victor,15.3,100.3,25,16.4
2017-650,7/18/2017,M. rutilus,M,J,L,113,3,180,8,Sherman,16,104.1,31.5,17.6
2017-651,7/18/2017,M. rutilus,M,A,D,113,3,180,9,Victor,23.7,111.8,30.9,17.5
2017-652,7/18/2017,M. rutilus,M,A,D,113,3,180,10,Victor,27.7,112,32.7,17.5
2017-653,7/18/2017,M. rutilus,F,A,L,113,3,300,1,Sherman,26,122.9,36,16.4
2017-654,7/18/2017,M. rutilus,M,J,L,113,3,300,2,Sherman,11,92.2,31,17.9
2017-655,7/18/2017,M. rutilus,M,A,D,113,3,300,3,Victor,29.9,123.2,35.8,16.4
2017-656,7/18/2017,M. rutilus,M,SA,D,113,3,300,4,Victor,15.8,116.7,31.1,16.2
2017-657,7/18/2017,M. rutilus,M,J,L,113,3,300,4,Sherman,11,113.5,32.5,17.7
2017-658,7/18/2017,M. rutilus,F,A,L,113,3,300,5,Sherman,19,125.5,40.5,16.1
2017-659,7/18/2017,M. rutilus,M,J,D,113,3,300,9,Victor,16,106.8,25.8,16.5
2017-660,7/18/2017,M. rutilus,F,A,L,113,3,300,10,Sherman,31,125.3,43.1,16.3
2017-661,7/25/2017,S. cinereus,U,J,D,104,1,60,1,Sherman,3.1,87.6,39.3,10.5
2017-662,7/25/2017,M. rutilus,M,J,L,104,1,60,2,Sherman,19,102.4,27.4,17
2017-663,7/25/2017,M. rutilus,M,A,L,104,1,60,3,Sherman,24,121.5,34.8,17
2017-664,7/25/2017,M. rutilus,F,J,L,104,1,60,5,Sherman,18,103.9,27.9,17.3
2017-665,7/25/2017,S. cinereus,U,J,D,104,1,60,6,Sherman,4.2,86.1,40.2,10.5
2017-666,7/25/2017,M. rutilus,M,SA,L,104,1,60,7,Sherman,17,109.6,30.7,17
2017-667,7/25/2017,S. cinereus,U,J,D,104,1,60,8,Pitfall,3,83.9,36.2,10.4
2017-669,7/25/2017,S. cinereus,U,J,D,104,1,180,1,Pitfall,3.5,88.2,39.1,10.1
2017-670,7/25/2017,M. rutilus,M,SA,L,104,1,180,3,Sherman,24,113.5,32.4,17
2017-671,7/25/2017,S. cinereus,U,J,D,104,1,180,4,Sherman,3.2,86.7,39.3,10
2017-672,7/25/2017,M. rutilus,M,SA,L,104,1,180,5,Sherman,20,107.3,32,16.6
2017-673,7/25/2017,M. rutilus,M,J,L,104,1,180,6,Sherman,17,108.6,30.1,16.5
2017-674,7/25/2017,M. rutilus,F,A,L,104,1,180,7,Sherman,42,118,31.5,16
2017-675,7/25/2017,M. rutilus,M,SA,L,104,1,180,8,Sherman,9,109.6,26.4,16.2
2017-676,7/25/2017,M. rutilus,M,J,L,104,1,300,1,Sherman,19,106.4,31.6,16.5
2017-677,7/25/2017,M. rutilus,M,J,L,104,1,300,4,Sherman,18,111,26,16.8
2017-678,7/25/2017,M. rutilus,M,J,L,104,1,300,5,Sherman,16,102,30,16.4
2017-679,7/25/2017,M. rutilus,M,J,L,104,1,300,6,Sherman,15,92.8,34.4,15.4
2017-680,7/25/2017,S. cinereus,U,J,D,104,1,300,7,Sherman,3.5,93.3,40.3,10.9
2017-681,7/25/2017,S. monticolus,U,U,D,104,1,300,8,Sherman,6,102.3,49.6,12.1
2017-682,7/25/2017,S. cinereus,U,J,D,104,1,300,9,Pitfall,4.1,83,39.3,10.1
2017-683,7/25/2017,S. cinereus,U,J,D,104,1,300,9,Pitfall,4.6,89.5,35.6,10.1
2017-684,7/25/2017,M. rutilus,M,J,L,104,1,300,10,Sherman,17,107.1,29.7,16.2
2017-685,7/25/2017,M. rutilus,F,J,L,115,1,60,1,Sherman,19,103.1,32.8,16.5
2017-686,7/25/2017,M. rutilus,M,SA,L,115,1,60,4,Sherman,16,113.1,29.5,17
2017-687,7/25/2017,M. rutilus,M,J,L,115,1,60,5,Sherman,15,109.2,33.1,16.7
2017-688,7/25/2017,M. rutilus,M,J,L,115,1,60,6,Sherman,15,96.2,30.4,16.8
2017-690,7/25/2017,S. cinereus,U,J,D,115,1,60,7,Pitfall,3.4,82.7,36.9,11.4
2017-691,7/25/2017,M. rutilus,M,A,L,115,1,60,8,Sherman,34,106.7,39.7,17.1
2017-692,7/25/2017,S. cinereus,M,A,D,115,1,60,9,Sherman,4.4,95.9,37.8,11
2017-693,7/25/2017,M. rutilus,M,J,L,115,1,60,10,Sherman,21,97.2,33.1,17.6
2017-695,7/25/2017,S. cinereus,U,J,D,115,1,180,1,Sherman,3.2,80.7,35.5,11.7
2017-696,7/25/2017,M. rutilus,M,SA,L,115,1,180,2,Sherman,17,109.1,32.4,16.5
2017-697,7/25/2017,M. rutilus,M,J,L,115,1,180,2,Sherman,18,93.7,33.7,17.5
2017-698,7/25/2017,M. rutilus,M,J,L,115,1,180,5,Sherman,18,101,29.6,16.8
2017-699,7/25/2017,S. cinereus,U,J,D,115,1,180,7,Sherman,2.9,88.2,36.9,10.8
2017-700,7/25/2017,M. rutilus,M,J,L,115,1,180,9,Sherman,14,93.2,30,16.5
2017-701,7/25/2017,M. rutilus,M,J,D,115,1,180,10,Sherman,13.1,96.2,26.2,16
2017-702,7/25/2017,M. rutilus,F,A,L,115,1,300,1,Sherman,35,122.7,35.6,17.4
2017-703,7/25/2017,M. rutilus,M,A,D,115,1,300,4,Sherman,23.7,130,34.4,16.7
2017-704,7/25/2017,M. rutilus,F,A,L,115,1,300,6,Sherman,28,129.7,37,17.2
2017-705,7/25/2017,M. rutilus,M,J,L,115,1,300,7,Sherman,13,97.7,28.9,16
2017-706,7/25/2017,S. cinereus,F,A,D,115,1,300,9,Pitfall,9.2,98.3,37.7,10.8
2017-707,7/25/2017,S. cinereus,M,A,D,115,1,60,10,Pitfall,4.4,88,40.2,10.6
2017-708,7/25/2017,S. cinereus,M,A,D,115,1,60,10,Pitfall,4.6,89.3,39.8,11.2
2017-709,7/25/2017,S. cinereus,M,A,D,115,1,60,10,Pitfall,5.6,86.9,36.2,11.1
2017-710,7/25/2017,S. cinereus,M,A,D,115,1,60,10,Pitfall,4.3,89.1,36,10.2
2017-711,6/29/2017,S. ,U,J,D,69,3,180,10,Pitfall,4.3,74.9,37.9,10
2017-712,7/26/2017,M. rutilus,F,A,L,104,2,60,1,Sherman,28,123.5,35,15.9
2017-716,7/26/2017,S. cinereus,U,J,D,104,2,60,2,Pitfall,4.5,87.1,36.2,10.7
2017-717,7/26/2017,M. rutilus,M,J,L,104,2,60,2,Sherman,15,100.3,30,17
2017-718,7/26/2017,M. rutilus,M,J,D,104,2,60,3,Sherman,19.9,117,29.6,16.1
2017-719,7/26/2017,M. rutilus,F,A,D,104,2,60,4,Sherman,38.5,138.7,38.2,17.7
2017-720,7/26/2017,M. rutilus,F,J,L,104,2,60,5,Sherman,21,98.2,29.7,17.3
2017-721,7/26/2017,S. cinereus,F,A,D,104,2,60,5,Pitfall,7.5,94.9,37.2,12
2017-722,7/26/2017,M. rutilus,M,A,D,104,2,60,7,Sherman,23.1,116.7,30.3,16.4
2017-723,7/26/2017,S. cinereus,U,J,D,104,2,60,8,Sherman,3.7,83.6,41.8,10.7
2017-724,7/26/2017,S. cinereus,U,J,D,104,2,60,8,Pitfall,4.2,87.8,37.4,10.6
2017-725,7/26/2017,S. cinereus,U,J,D,104,2,60,8,Pitfall,4.4,87.3,36.6,10.4
2017-726,7/26/2017,S. cinereus,U,J,D,104,2,60,8,Pitfall,4.3,83.6,35,9.8
2017-727,7/26/2017,M. rutilus,F,A,D,104,2,60,9,Sherman,30.1,120.2,33.8,16.1
2017-728,7/26/2017,S. cinereus,U,J,D,104,2,60,9,Pitfall,4.4,84.5,37.2,11
2017-729,7/26/2017,S. cinereus,U,J,D,104,2,60,9,Pitfall,4.3,85,37.2,11
2017-730,7/26/2017,M. rutilus,M,SA,L,104,2,60,10,Sherman,19,99.4,29.8,16.4
2017-731,7/26/2017,M. rutilus,M,J,L,104,2,180,1,Sherman,27,90.8,30.9,16.6
2017-732,7/26/2017,S. cinereus,U,J,D,104,2,180,1,Pitfall,3.7,84.5,37,10.2
2017-733,7/26/2017,M. rutilus,M,J,L,104,2,180,2,Sherman,20,105,34.8,17.4
2017-734,7/26/2017,S. cinereus,U,J,D,104,2,180,3,Pitfall,3.6,82.3,36.8,10.6
2017-735,7/26/2017,M. rutilus,M,SA,L,104,2,180,4,Sherman,16,112.6,32.2,16.5
2017-736,7/26/2017,S. cinereus,M,A,D,104,2,180,4,Pitfall,4.5,91,37,11.2
2017-737,7/26/2017,S. cinereus,U,J,D,104,2,180,5,Pitfall,4,86,37,11
2017-738,7/26/2017,M. rutilus,F,A,L,104,2,180,7,Sherman,26,102.1,30.2,17.1
2017-739,7/26/2017,S. cinereus,U,J,D,104,2,180,8,Pitfall,3.6,85.2,37.5,10.8
2017-740,7/26/2017,M. rutilus,M,J,L,104,2,180,9,Sherman,17,108.2,27,16.1
2017-741,7/26/2017,M. rutilus,M,J,L,104,2,180,10,Sherman,18,104,31.7,17.1
2017-742,7/26/2017,S. cinereus,U,J,D,104,2,180,10,Pitfall,4.4,89.9,40.7,10.4
2017-743,7/26/2017,S. cinereus,U,J,D,104,2,180,10,Pitfall,4.4,93.5,39.1,11.3
2017-744,7/26/2017,S. cinereus,U,J,D,104,2,300,1,Pitfall,3.7,86.4,39.7,10.4
2017-745,7/26/2017,M. rutilus,M,SA,L,104,2,300,2,Sherman,21,106,31,15.9
2017-746,7/26/2017,S. cinereus,U,J,D,104,2,300,2,Pitfall,3.7,85.5,39.5,10.6
2017-747,7/26/2017,M. rutilus,M,A,L,104,2,300,3,Sherman,18,103.8,31.9,17.4
2017-748,7/26/2017,S. cinereus,U,J,D,104,2,300,3,Pitfall,3.7,85,36,10.8
2017-749,7/26/2017,M. rutilus,F,J,L,104,2,300,5,Sherman,22,96.5,30.4,16.1
2017-750,7/26/2017,S. cinereus,M,A,D,104,2,300,5,Pitfall,5.3,89.5,37.4,11.4
2017-751,7/26/2017,M. rutilus,M,A,L,104,2,300,6,Sherman,20,102.4,31.7,16.4
2017-752,7/26/2017,M. rutilus,F,A,L,104,2,300,7,Sherman,35,104.6,37,15.7
2017-753,7/26/2017,S. cinereus,U,J,D,104,2,300,7,Pitfall,4,87.7,39.3,11.4
2017-754,7/26/2017,M. rutilus,F,J,L,104,2,300,8,Sherman,31,103.7,31.4,16
2017-755,7/26/2017,S. monticolus,U,U,D,104,2,300,9,Sherman,5.4,112.7,49.6,12.5
2017-756,7/26/2017,S. cinereus,U,J,D,104,2,300,9,Pitfall,5.3,91.3,37,9.7
2017-757,7/26/2017,S. cinereus,U,J,D,104,2,300,9,Pitfall,4.4,86.1,39.7,11
2017-758,7/26/2017,S. ,U,J,D,104,2,300,9,Pitfall,4.8,89.6,41,11
2017-759,7/26/2017,M. rutilus,M,J,L,104,2,300,10,Sherman,13,91.5,29.6,15.7
2017-760,7/26/2017,M. rutilus,M,SA,L,115,2,60,2,Sherman,15,100.3,28.7,16.1
2017-761,7/26/2017,S. cinereus,U,J,D,115,2,60,4,Pitfall,4.2,87.9,39.7,10.2
2017-762,7/26/2017,M. rutilus,F,J,L,115,2,60,5,Sherman,17,98.2,32.5,15.2
2017-763,7/26/2017,S. cinereus,M,A,D,115,2,60,5,Pitfall,6,89.3,36,10.8
2017-764,7/26/2017,M. rutilus,M,A,L,115,2,60,6,Sherman,33,110.7,36.2,17
2017-765,7/26/2017,S. cinereus,F,A,D,115,2,60,7,Sherman,6.7,91.3,39.1,10.1
2017-766,7/26/2017,S. monticolus,U,J,D,115,2,60,7,Pitfall,4.9,92.2,39.4,10.1
2017-767,7/26/2017,S. monticolus,U,U,D,115,2,60,7,Pitfall,7,103.7,44.5,12
2017-768,7/26/2017,M. rutilus,M,SA,L,115,2,60,9,Sherman,25,102.3,34.9,17
2017-769,7/26/2017,S. monticolus,U,J,D,115,2,60,9,Pitfall,4.5,92.4,39.1,10.8
2017-770,7/26/2017,S. cinereus,U,J,D,115,2,60,9,Pitfall,4.8,88.8,38,11
2017-771,7/26/2017,M. rutilus,M,J,L,115,2,60,10,Sherman,14,93,31,16.5
2017-772,7/26/2017,S. monticolus,U,J,D,115,2,60,10,Pitfall,6,107.2,46.6,12.3
2017-773,7/26/2017,S. cinereus,U,J,D,115,2,60,10,Pitfall,4.9,89.9,39.7,10.8
2017-774,7/26/2017,M. rutilus,F,A,L,115,2,180,1,Sherman,29,121.2,31.7,17.3
2017-775,7/26/2017,S. cinereus,U,J,D,115,2,180,1,Pitfall,4.2,90.8,39.4,10.5
2017-776,7/26/2017,M. rutilus,M,J,L,115,2,180,2,Sherman,20,101.2,27.4,16.4
2017-777,7/26/2017,M. rutilus,M,A,L,115,2,180,4,Sherman,26,109.4,30.4,16.6
2017-778,7/26/2017,M. rutilus,M,J,L,115,2,180,5,Sherman,18,103.5,36.2,17
2017-779,7/26/2017,S. cinereus,U,J,D,115,2,180,8,Sherman,3.4,89.8,39.7,11.2
2017-780,7/26/2017,S. cinereus,U,J,D,115,2,300,1,Pitfall,4.1,84.9,37.4,11
2017-781,7/26/2017,M. rutilus,M,A,L,115,2,300,2,Sherman,24,118.8,32.8,17
2017-782,7/26/2017,S. cinereus,U,J,D,115,2,300,2,Pitfall,4.3,81.2,35.3,10.4
2017-783,7/26/2017,S. cinereus,U,J,D,115,2,300,3,Sherman,4,98.2,41.3,10.8
2017-784,7/26/2017,S. cinereus,U,J,D,115,2,300,3,Pitfall,3.6,89.7,39.2,10.6
2017-785,7/26/2017,S. cinereus,U,J,D,115,2,300,4,Pitfall,3.9,85.3,36.5,9.9
2017-786,7/26/2017,M. rutilus,F,J,L,115,2,300,7,Sherman,15,96.6,34.8,16.2
2017-787,7/11/2017,S. cinereus,U,J,D,84,1,300,9,Pitfall,2.5,86,36.6,9.8
2017-788,7/6/2017,M. pennsalyvacius,F,J,D,34,2,60,10,Victor,19.1,116.9,29.6,16.5
2017-789,7/27/2017,M. rutilus,M,A,D,104,3,60,1,Sherman,24.2,120.2,34.6,16.5
2017-790,7/27/2017,M. rutilus,M,A,L,104,3,60,2,Sherman,25,116.4,27,16.5
2017-791,7/27/2017,S. cinereus,U,U,D,104,3,60,2,Pitfall,2.5,93.8,39.4,10.5
2017-792,7/27/2017,S. cinereus,U,J,D,104,3,60,2,Pitfall,4,90.8,41.2,11.1
2017-793,7/27/2017,M. rutilus,M,J,L,104,3,60,4,Sherman,22,102.8,31.4,16.6
2017-794,7/27/2017,S. cinereus,U,J,D,104,3,60,4,Pitfall,4.4,90.8,41.2,10.2
2017-795,7/27/2017,S. cinereus,U,J,D,104,3,60,4,Pitfall,3.8,87.3,41.8,10.3
2017-796,7/27/2017,M. rutilus,F,A,L,104,3,60,5,Sherman,17,111.7,30.8,16.2
2017-797,7/27/2017,S. cinereus,U,J,D,104,3,60,5,Pitfall,3.6,82.8,39.7,10.1
2017-798,7/27/2017,S. cinereus,U,J,D,104,3,60,6,Sherman,3.5,85.7,40.2,10.8
2017-799,7/27/2017,S. cinereus,U,J,D,104,3,60,6,Pitfall,3.9,88.2,40.2,10.6
2017-800,7/27/2017,M. rutilus,F,J,D,104,3,60,8,Sherman,8.4,86.8,23.3,15
2017-801,7/27/2017,S. cinereus,F,A,D,104,3,60,9,Pitfall,7.5,90.6,38,10.7
2017-802,7/27/2017,M. rutilus,F,A,D,104,3,60,10,Sherman,21.1,116.4,29.5,15.7
2017-803,7/27/2017,M. rutilus,M,J,D,104,3,180,2,Sherman,18.1,114.7,29.8,15.8
2017-804,7/27/2017,M. rutilus,F,J,L,104,3,180,2,Sherman,15,104.4,31.9,16.8
2017-806,7/27/2017,M. rutilus,M,J,L,104,3,180,4,Sherman,11,88,26.5,16
2017-807,7/27/2017,S. cinereus,U,J,D,104,3,180,4,Pitfall,3.2,83.2,39.5,11
2017-808,7/27/2017,M. rutilus,M,J,L,104,3,180,5,Sherman,13,99.7,33.6,17.2
2017-809,7/27/2017,S. cinereus,U,J,D,104,3,180,5,Pitfall,3.7,89.5,39.6,10.3
2017-810,7/27/2017,S. cinereus,M,A,D,104,3,180,5,Pitfall,5.6,94.4,38.1,11
2017-811,7/27/2017,S. cinereus,M,A,D,104,3,180,5,Pitfall,5.3,94.1,36,10.7
2017-812,7/27/2017,M. rutilus,F,J,L,104,3,180,6,Sherman,18,106.3,32.6,17
2017-813,7/27/2017,S. cinereus,U,J,D,104,3,180,7,Sherman,2.5,80.8,37.4,10.6
2017-814,7/27/2017,M. rutilus,M,A,L,104,3,180,8,Sherman,28,108.3,27.7,17.8
2017-815,7/27/2017,M. rutilus,M,A,L,104,3,180,8,Sherman,29,116.1,32.2,16.8
2017-816,7/27/2017,M. rutilus,M,J,L,104,3,180,9,Sherman,12,96.1,27.9,17.4
2017-818,7/27/2017,S. cinereus,U,J,D,104,3,180,10,Pitfall,3.7,94,41.6,10.8
2017-819,7/27/2017,M. rutilus,M,J,L,104,3,300,1,Sherman,13,104.3,32,17.1
2017-820,7/27/2017,S. cinereus,F,A,D,104,3,300,1,Pitfall,5.8,90.4,39.7,11
2017-821,7/27/2017,S. cinereus,U,J,D,104,3,300,1,Pitfall,4.1,83,41.6,11.4
2017-822,7/27/2017,S. cinereus,U,J,D,104,3,300,2,Pitfall,3.5,85.2,37.3,10.7
2017-823,7/27/2017,M. rutilus,M,J,L,104,3,300,3,Sherman,14,106,31.3,16.9
2017-825,7/27/2017,S. cinereus,U,J,D,104,3,300,3,Pitfall,3.9,88.2,40,11
2017-826,7/27/2017,S. cinereus,U,J,D,104,3,300,3,Pitfall,3.5,84.7,39.4,11.5
2017-827,7/27/2017,S. cinereus,U,J,D,104,3,300,3,Pitfall,4.1,87,39.1,10.6
2017-828,7/27/2017,M. rutilus,F,A,L,104,3,300,4,Sherman,15,99.2,29.2,16
2017-829,7/27/2017,S. cinereus,U,J,D,104,3,300,4,Pitfall,4.1,89.4,40.2,10.7
2017-830,7/27/2017,S. cinereus,U,J,D,104,3,300,4,Pitfall,3.3,87.6,41.1,10.6
2017-831,7/27/2017,S. cinereus,U,J,D,104,3,300,4,Pitfall,4.1,80.2,35.9,11.2
2017-832,7/27/2017,M. rutilus,M,S,L,104,3,300,5,Sherman,14,109.3,33.5,16.9
2017-833,7/27/2017,S. cinereus,U,J,D,104,3,300,5,Pitfall,3.8,89.5,36.1,10.4
2017-834,7/27/2017,S. cinereus,U,J,D,104,3,300,5,Pitfall,3.7,90.8,41.9,10.6
2017-835,7/27/2017,S. cinereus,U,J,D,104,3,300,5,Pitfall,3.7,82.4,39,10.3
2017-836,7/27/2017,M. rutilus,M,J,L,104,3,300,6,Sherman,10,99,30.5,17.1
2017-837,7/27/2017,M. rutilus,M,J,L,104,3,300,7,Sherman,15,93.6,29.7,16.1
2017-838,7/27/2017,M. rutilus,M,J,D,104,3,300,8,Sherman,11.1,94,26.6,16.4
2017-839,7/27/2017,M. rutilus,M,J,D,104,3,300,9,Sherman,14.9,104.6,29.6,16.5
2017-840,7/27/2017,M. rutilus,M,J,L,104,3,300,10,Sherman,18,100,31.2,16.5
2017-841,7/27/2017,S. cinereus,U,J,D,104,3,300,10,Pitfall,3.6,87.6,39.8,10.7
2017-842,7/27/2017,S. cinereus,U,J,D,115,3,60,2,Pitfall,3.9,89.7,41.4,11
2017-843,7/27/2017,S. cinereus,U,J,D,115,3,60,2,Pitfall,4,89.3,39.8,10.8
2017-844,7/27/2017,M. rutilus,M,J,L,115,3,60,4,Sherman,17,96.1,27.3,15.9
2017-845,7/27/2017,M. rutilus,F,A,L,115,3,60,5,Sherman,18,115.5,34,17.5
2017-846,7/27/2017,M. rutilus,M,A,L,115,3,60,6,Sherman,33,129.9,33.4,16.5
2017-847,7/27/2017,S. cinereus,U,J,D,115,3,60,8,Pitfall,4,85,41,10
2017-848,7/27/2017,S. cinereus,U,J,D,115,3,60,8,Sherman,3.8,90.7,36,10.3
2017-849,7/27/2017,M. rutilus,M,J,L,115,3,60,9,Sherman,21,98.7,29.4,16.5
2017-850,7/27/2017,S. cinereus,U,J,D,115,3,60,9,Pitfall,3.2,87,40.1,10.5
2017-851,7/27/2017,S. cinereus,F,A,D,115,3,60,10,Pitfall,4.4,89.9,39.5,10.4
2017-852,7/27/2017,M. rutilus,M,J,L,115,3,180,3,Sherman,23,97.3,29.2,16.1
2017-853,7/27/2017,M. rutilus,M,A,L,115,3,180,4,Sherman,11,113.7,31.9,16.9
2017-854,7/27/2017,M. rutilus,M,J,L,115,3,180,5,Sherman,25,100.2,32.2,16.5
2017-855,7/27/2017,M. rutilus,M,J,D,115,3,180,7,Sherman,14.4,95.9,29.5,15.5
2017-856,7/27/2017,S. cinereus,U,J,D,115,3,180,8,Sherman,3.3,82.8,39.2,10.4
2017-857,7/27/2017,S. cinereus,U,J,D,115,3,180,8,Pitfall,4.4,84.2,36.8,11
2017-858,7/27/2017,M. rutilus,M,J,L,115,3,180,9,Sherman,21,92.1,29.4,15.6
2017-859,7/27/2017,M. rutilus,M,J,D,115,3,180,10,Sherman,14.8,105.6,31.2,16.2
2017-860,7/27/2017,M. rutilus,F,A,L,115,3,300,2,Sherman,34,109.9,31.9,17
2017-861,7/27/2017,S. cinereus,M,A,D,115,3,300,4,Pitfall,5.1,92.9,37.8,10.2
2017-862,7/27/2017,M. rutilus,F,A,L,115,3,300,6,Sherman,28,113.9,36.8,18.3
2017-863,7/27/2017,M. rutilus,M,A,L,115,3,300,7,Sherman,22,108.9,25.6,15.3
2017-864,7/27/2017,M. rutilus,M,J,L,115,3,300,8,Sherman,17,103.9,33.2,15
2017-865,7/27/2017,S. cinereus,M,A,D,115,3,300,8,Pitfall,5.1,87.2,39.1,11.4
2017-866,7/27/2017,M. rutilus,M,A,L,115,3,300,10,Sherman,20,111.4,34.2,16
2017-867,7/27/2017,S. cinereus,F,A,D,115,3,300,10,Pitfall,6.1,95.2,36.6,11.4
2017-868,7/27/2017,S. cinereus,U,J,D,115,3,300,5,Sherman,3.4,92.3,40.2,11.2
2017-869,7/27/2017,S. cinereus,F,A,D,22,3,,,Sherman,5.4,105.3,40.1,11.9
